Fuel_Type,Rating,Renter_Trip_Count,Review_Count,City,Country,Latitude,Longitude,State,owner.id,Daily_Rate,Vehicle_Brand,Vehicle_Model,Vehile_Type,Vehicle_Year
Gasoline,4.9,297,262,Jersey City,US,40.722024,-74.041458,NJ,67096,60,Mazda,3,Car,2012
Gasoline,4.7,295,237,Miami,US,25.798972,-80.260876,FL,637495,30,Mazda,6,Car,2016
Gasoline,4.97,278,213,San Ramon,US,37.738115,-121.956032,CA,821919,159,Porsche,Boxster,Car,2013
Gasoline,4.97,246,173,Brentwood,US,35.962453,-86.817485,TN,495552,52,Chevrolet,Cruze,Car,2014
Gasoline,4.97,225,189,San Francisco,US,37.724913,-122.417795,CA,168282,69,BMW,3 Series,Car,2017
Gasoline,4.85,223,177,Dallas,US,32.825995,-96.848441,TX,1582843,40,Ford,Fiesta,Car,2016
Gasoline,4.86,222,194,San Diego,US,32.727871,-117.196786,CA,3689861,40,Toyota,Corolla,Car,2014
Gasoline,4.93,214,185,San Antonio,US,29.609384,-98.606381,TX,2714703,36,Dodge,Charger,Car,2014
Gasoline,4.79,209,169,Gardena,US,33.864201,-118.281184,CA,3248814,155,Chevrolet,Corvette,Car,2017
Gasoline,4.95,202,169,San Antonio,US,29.521068,-98.453947,TX,523923,39,Toyota,Camry,Car,2012
Gasoline,4.8,193,144,Commerce City,US,39.869634,-104.787864,CO,2318184,62,Subaru,Legacy,Car,2008
Gasoline,4.81,175,139,Dallas,US,32.826579,-96.847534,TX,1582843,35,Nissan,Versa,Car,2017
Gasoline,4.94,172,145,Burlingame,US,37.594017,-122.363625,CA,487015,89,Ford,Mustang,Car,2016
Gasoline,4.96,172,148,San Diego,US,32.794816,-117.235258,CA,2999083,109,Porsche,911,Car,2005
Gasoline,4.87,172,143,Linthicum Heights,US,39.192428,-76.683691,MD,6064921,52,Honda,Accord,Car,2015
Gasoline,4.99,172,145,Upland,US,34.090014,-117.639207,CA,354032,29,Honda,Civic,Car,2011
Gasoline,4.83,170,133,Commerce City,US,39.869811,-104.787743,CO,2318184,50,Nissan,Xterra,SUV,2012
Gasoline,4.99,167,144,Citrus Heights,US,38.706688,-121.312454,CA,2624844,54,Subaru,Outback,SUV,2013
Gasoline,4.88,166,159,Dania Beach,US,26.057837,-80.144315,FL,4881621,55,Ford,Mustang,Car,2016
Gasoline,4.98,164,153,South Salt Lake,US,40.695048,-111.908522,UT,1723833,45,Audi,A4,Car,2012
Gasoline,4.82,163,119,Lakewood,US,39.705922,-105.079054,CO,2245310,47,Toyota,4Runner,SUV,2005
Gasoline,4.88,161,129,Commerce City,US,39.869635,-104.7878,CO,2318184,45,Toyota,RAV4,SUV,2010
Gasoline,4.99,160,140,Jersey City,US,40.72253,-74.041955,NJ,67096,70,Toyota,Camry,Car,2016
Gasoline,4.87,160,141,San Diego,US,32.726676,-117.196004,CA,3689861,39,FIAT,500,Car,2012
Gasoline,4.9,159,146,Atlanta,US,33.58197,-84.471549,GA,1426383,33,Nissan,Sentra,Car,2017
Electric,4.97,159,132,Los Angeles,US,34.089925,-118.173996,CA,376701,220,Tesla,Model 3,Car,2018
Gasoline,4.99,158,136,Jersey City,US,40.718671,-74.039515,NJ,9450147,84,Toyota,RAV4,SUV,2014
Gasoline,4.93,157,139,Denver,US,39.721306,-104.974995,CO,1536463,90,Toyota,4Runner,SUV,2011
Gasoline,4.88,155,135,Lone Tree,US,39.554442,-104.886201,CO,558427,62,Kia,Optima,Car,2017
Gasoline,4.93,153,130,San Diego,US,32.752126,-117.213553,CA,2263885,69,Ford,Mustang,Car,2016
Gasoline,4.88,152,129,Missouri City,US,29.555223,-95.541236,TX,1468529,28,Toyota,Corolla,Car,2016
Gasoline,4.79,146,116,Houston,US,29.72692,-95.481329,TX,1821886,75,BMW,3 Series,Car,2008
Gasoline,4.62,144,99,Lakewood,US,39.705898,-105.07661,CO,2245310,49,Toyota,Sienna,MiniVan,2012
Gasoline,4.69,144,116,Buena Park,US,33.857237,-118.001391,CA,6357487,48,BMW,3 Series,Car,2015
Gasoline,4.93,140,129,SaVannah,US,32.021785,-81.215879,GA,641610,30,Toyota,Corolla,Car,2017
Gasoline,5,139,108,Jacksonville,US,30.333127,-81.791778,FL,742089,54,Honda,Civic,Car,2018
Gasoline,4.75,137,118,Irvine,US,33.670944,-117.836499,CA,1186913,39,Honda,Civic Sedan,Car,2019
Gasoline,4.67,136,93,Lakewood,US,39.706186,-105.078132,CO,2245310,40,Toyota,Sienna,MiniVan,2007
Hybrid,4.9,132,109,San Bruno,US,37.6345,-122.411033,CA,4993965,34,Honda,Civic,Car,2008
Gasoline,4.92,131,114,Oakland,US,37.816328,-122.279359,CA,2280266,74,BMW,5 Series,Car,2011
Gasoline,4.91,129,115,Tampa,US,28.064078,-82.624516,FL,598488,68,Jeep,Wrangler JK,SUV,2018
Electric,4.91,129,123,Orlando,US,28.549131,-81.158162,FL,1028762,94,Tesla,Model S,Car,2013
Gasoline,4.97,127,104,Boynton Beach,US,26.567474,-80.10044,FL,6924112,49,Jeep,Wrangler,SUV,2018
Diesel,4.88,125,103,Oakland,US,37.815884,-122.278946,CA,2280266,63,Mercedes-Benz,GL-Class,SUV,2009
Electric,4.94,124,105,San Diego,US,32.748031,-117.140356,CA,888722,169,Tesla,Model X,SUV,2016
Gasoline,4.83,123,96,Los Angeles,US,33.954715,-118.414101,CA,450229,77,Mercedes-Benz,SLK-Class,Car,2016
Gasoline,4.88,123,104,Miami,US,25.79942,-80.260587,FL,637495,54,Chevrolet,Trax,SUV,2018
Gasoline,4.99,122,104,Fort Lauderdale,US,26.086112,-80.137223,FL,6779375,45,Jeep,Cherokee,SUV,2019
Gasoline,4.92,122,105,Los Angeles,US,34.190958,-118.475459,CA,5681069,77,Chevrolet,Camaro,Car,2018
Gasoline,4.9,122,109,Burlingame,US,37.593989,-122.363749,CA,487015,99,BMW,Z4,Car,2011
Gasoline,5,120,95,New Orleans,US,29.927941,-90.115705,LA,3279634,129,Audi,S5,Car,2018
Gasoline,4.73,118,82,Lakewood,US,39.705556,-105.076869,CO,2245310,40,Toyota,Sienna,MiniVan,2006
Gasoline,4.68,117,104,Santa Ana,US,33.76316,-117.859946,CA,3547562,49,Chevrolet,Camaro,Car,2015
Gasoline,5,116,107,Newark,US,40.777103,-74.169941,NJ,6821835,300,Nissan,GT-R,Car,2013
Electric,4.93,116,102,San Francisco,US,37.775931,-122.390396,CA,1561528,120,Tesla,Model S,Car,2017
Gasoline,4.96,115,96,Bradenton,US,27.462294,-82.610041,FL,633650,45,Ford,Mustang,Car,2012
Gasoline,4.96,115,89,Los Angeles,US,33.958061,-118.417941,CA,966277,59,FIAT,124 Spider,Car,2017
Gasoline,4.98,114,103,Denver,US,39.783371,-104.766195,CO,4973532,58,Honda,CR-V,SUV,2016
Hybrid,4.96,113,94,Austin,US,30.349486,-97.73431,TX,2064076,27,Toyota,Prius c,Car,2012
Electric,4.95,113,80,Denver,US,39.799079,-104.874237,CO,2809821,119,Tesla,Model X,SUV,2017
Gasoline,4.97,112,100,Hollywood,US,26.03324,-80.115867,FL,3441058,59,Ford,Mustang,Car,2018
Hybrid,4.99,111,95,San Diego,US,32.735824,-117.176477,CA,4451252,23,Toyota,Camry Hybrid,Car,2007
Gasoline,4.99,111,109,San Jose,US,37.363828,-121.814071,CA,6326436,87,Subaru,WRX,Car,2018
Gasoline,4.99,110,97,Plantation,US,26.121568,-80.264619,FL,3995219,139,Maserati,Ghibli,Car,2014
Hybrid,4.92,110,100,Los Angeles,US,34.064223,-118.236413,CA,301450,179,BMW,i8,Car,2015
Hybrid,4.86,109,91,Austin,US,30.30624,-97.707401,TX,4353395,35,Lexus,HS 250h,Car,2011
Gasoline,4.8,107,79,San Diego,US,32.726902,-117.195811,CA,1475359,38,Toyota,RAV4,SUV,2017
Gasoline,4.92,107,87,Jersey City,US,40.724935,-74.038616,NJ,875927,185,Alfa Romeo,4C,Car,2017
Gasoline,4.97,106,93,Miami,US,25.799124,-80.261143,FL,637495,88,Ford,Mustang,Car,2019
Gasoline,4.85,106,89,Irvine,US,33.670929,-117.838162,CA,1186913,79,Jeep,Wrangler,SUV,2018
Gasoline,4.92,106,87,San Jose,US,37.367029,-121.81867,CA,785391,49,Toyota,Sienna,MiniVan,2011
Gasoline,4.8,105,93,Miami,US,25.799583,-80.260922,FL,637495,80,Ford,Mustang,Car,2019
Gasoline,5,104,94,El Segundo,US,33.921024,-118.390734,CA,900982,109,BMW,M4,Car,2016
Gasoline,4.99,104,90,Denver,US,39.780748,-104.801565,CO,2567051,64,Nissan,Pathfinder,SUV,2017
Gasoline,4.99,102,94,San Antonio,US,29.571734,-98.599823,TX,651599,98,Alfa Romeo,Giulia,Car,2018
Gasoline,4.75,102,81,Nashville,US,36.144093,-86.667442,TN,7326774,29,Nissan,Versa,Car,2012
Gasoline,4.93,101,86,San Diego,US,32.793066,-117.233282,CA,2999083,209,Porsche,911,Car,2008
Gasoline,5,100,85,Hoboken,US,40.735036,-74.029647,NJ,1275890,127,Honda,Odyssey,MiniVan,2014
Gasoline,4.83,100,77,Oviedo,US,28.684294,-81.207931,FL,1918290,40,Chevrolet,Traverse,SUV,2012
Gasoline,4.92,99,88,Los Angeles,US,34.21782,-118.589867,CA,974444,125,Chevrolet,Corvette,Car,2019
Gasoline,4.96,99,82,Burlingame,US,37.594004,-122.363729,CA,487015,99,BMW,4 Series,Car,2014
Gasoline,4.87,98,87,Houston,US,30.01943,-95.381058,TX,5887443,29,Honda,Accord,Car,2010
Gasoline,4.86,98,84,Bradenton,US,27.462863,-82.609209,FL,633650,46,Mercedes-Benz,C-Class,Car,2009
Gasoline,4.91,98,82,Tampa,US,27.983608,-82.546806,FL,7493945,40,Toyota,Corolla,Car,2011
Hybrid,4.94,97,81,Citrus Heights,US,38.705642,-121.312227,CA,2624844,44,Honda,Civic,Car,2014
Hybrid,4.95,95,77,denver ,US,39.791476,-104.773488,CO,5420642,51,Toyota,Prius,Car,2008
Gasoline,4.94,95,78,San Diego,US,32.727393,-117.16532,CA,9428705,49,Mazda,CX-5,SUV,2017
Gasoline,4.89,95,81,Santa Clara,US,37.351817,-121.952155,CA,666668,69,Mercedes-Benz,SLK-Class,Car,2015
Gasoline,4.92,95,79,Jersey City,US,40.71871,-74.054424,NJ,2110510,89,Audi,Q3,SUV,2018
Gasoline,4.99,95,81,San Diego,US,32.765719,-117.158771,CA,8761848,94,Lexus,NX 300,SUV,2018
Gasoline,4.89,94,80,Atlanta,US,33.927403,-84.342767,GA,511103,150,Porsche,Panamera,Car,2011
Gasoline,4.95,93,81,Nashville,US,36.258973,-86.738503,TN,7067155,52,Nissan,Altima,Car,2013
Gasoline,4.97,92,75,Denver,US,39.755921,-104.990042,CO,8744139,64,Chevrolet,Camaro,Car,2011
Gasoline,4.99,92,86,Orlando,US,28.386727,-81.341424,FL,5290174,124,Chevrolet,Corvette,Car,2018
Gasoline,4.91,92,85,Riverton,US,40.519627,-112.007272,UT,6518168,30,Toyota,Corolla,Car,2016
Gasoline,4.87,91,77,Miami,US,25.799178,-80.261173,FL,637495,60,Ford,Explorer,SUV,2018
Gasoline,4.92,91,78,East Los Angeles,US,34.011861,-118.142165,CA,3217019,40,Dodge,Journey,SUV,2017
Gasoline,4.74,91,76,Atlanta,US,33.822774,-84.37176,GA,10216804,48,Volkswagen,Jetta,Car,2011
Gasoline,5,90,77,South San Francisco,US,37.641523,-122.404658,CA,1122675,198,Porsche,Macan,SUV,2015
Electric,5,89,83,Denver,US,39.713124,-104.927199,CO,8689016,109,Tesla,Model 3,Car,2018
Gasoline,4.92,89,77,Burlingame,US,37.593801,-122.363612,CA,487015,79,BMW,2 Series,Car,2014
Gasoline,4.91,89,75,Seminole,US,27.847813,-82.803412,FL,1889331,100,Ford,Mustang,Car,2016
Gasoline,4.95,89,75,Bradenton,US,27.461851,-82.607941,FL,633650,56,BMW,5 Series,Car,2013
Gasoline,5,88,74,Jersey City,US,40.716959,-74.051372,NJ,67096,99,Toyota,Sienna,MiniVan,2017
Gasoline,4.93,88,74,San Jose,US,37.426358,-121.970598,CA,861192,159,Porsche,911,Car,2014
Gasoline,4.88,88,74,Atlanta,US,33.757548,-84.349273,GA,499566,150,Land Rover,Range Rover Sport,SUV,2014
Gasoline,4.77,88,71,Miami,US,25.771161,-80.194896,FL,7932025,100,Chevrolet,Tahoe,SUV,2016
Gasoline,4.9,87,62,Alameda,US,37.778489,-122.288281,CA,2192096,48,Toyota,C-HR,Car,2019
Gasoline,4.99,87,78,Jersey City,US,40.717897,-74.054177,NJ,2110510,109,Alfa Romeo,Stelvio,SUV,2018
Gasoline,5,86,70,Jersey City,US,40.719531,-74.042048,NJ,519772,400,Mercedes-Benz,G-Class,SUV,2017
Gasoline,4.8,86,61,Gardena,US,33.866077,-118.281652,CA,3248814,90,Audi,A5,Car,2018
Gasoline,4.95,86,75,Dania Beach,US,26.058045,-80.142347,FL,7267636,78,BMW,2 Series,Car,2015
Gasoline,4.92,85,66,Los Angeles,US,34.052728,-118.255092,CA,2041686,229,Mercedes-Benz,G-Class,SUV,2013
Gasoline,4.97,85,65,Commerce City,US,39.869296,-104.787612,CO,2318184,55,Nissan,Frontier,Truck,2019
Electric,4.94,83,70,San Mateo,US,37.541045,-122.30839,CA,1682069,74,Tesla,Model S,Car,2015
Gasoline,4.93,83,71,Sacramento,US,38.46419,-121.363464,CA,9883263,94,Mercedes-Benz,CLA-Class,Car,2018
Gasoline,4.93,83,69,Orlando,US,28.430176,-81.312692,FL,7342780,58,BMW,3 Series,Car,2014
Gasoline,4.64,82,64,Los Angeles,US,33.942351,-118.40281,CA,1318430,159,Porsche,Boxster,Car,2014
Electric,5,81,72,Los Angeles,US,34.148736,-118.362791,CA,3858705,95,Tesla,Model 3,Car,2018
Gasoline,4.9,81,62,Louisville,US,35.856215,-83.955283,TN,4343300,36,Toyota,Yaris,Car,2008
Gasoline,4.85,79,72,Houston,US,30.019721,-95.382956,TX,5887443,42,Nissan,Murano,SUV,2012
Gasoline,4.87,78,69,Newport Beach,US,33.627194,-117.907719,CA,6069583,30,Nissan,Sentra,Car,2018
Gasoline,4.84,78,67,Miami,US,25.800107,-80.261204,FL,637495,35,Nissan,Rogue Sport,SUV,2019
Gasoline,4.84,77,61,Louisville,US,35.85872,-83.956597,TN,4343300,39,Honda,Civic,Car,2010
Gasoline,4.97,77,70,Nashville,US,36.128283,-86.749793,TN,4011743,115,BMW,M3,Car,2011
Gasoline,4.91,77,69,Beaumont,US,33.944487,-117.020895,CA,4903776,65,Chevrolet,Camaro,Car,2011
Gasoline,4.82,77,67,San Diego,US,32.725665,-117.196124,CA,2263885,99,Porsche,Boxster,Car,2013
Gasoline,4.74,77,61,Catonsville,US,39.294597,-76.748917,MD,624447,79,Honda,Odyssey,MiniVan,2005
Gasoline,5,77,74,Aberdeen Township,US,40.402553,-74.228953,NJ,4021066,149,Chevrolet,Corvette,Car,2009
Hybrid,5,77,62,Miami Beach,US,25.782402,-80.13476,FL,6117367,249,BMW,i8,Car,2016
Gasoline,5,76,74,Memphis,US,35.178607,-89.781014,TN,546483,102,BMW,X5,SUV,2014
Electric,4.97,76,67,Nashville,US,36.154764,-86.775611,TN,1332517,109,Tesla,Model 3,Car,2019
Gasoline,4.96,76,70,Jersey City,US,40.718057,-74.054091,NJ,2110510,139,Audi,A7,Car,2018
Gasoline,4.97,76,67,Mary Esther,US,30.408825,-86.76148,FL,3076296,85,BMW,Z4,Car,2008
Gasoline,4.78,76,51,Metairie,US,29.975063,-90.160882,LA,198464,32,Nissan,Versa,Car,2016
Gasoline,4.95,76,66,Daly City,US,37.653724,-122.455093,CA,2661711,126,Chevrolet,Corvette,Car,2017
Gasoline,4.94,75,68,Tampa,US,27.970853,-82.563062,FL,7122299,99,Porsche,Boxster,Car,2006
Gasoline,4.72,75,58,Lakewood,US,39.733947,-105.079134,CO,4057191,60,Toyota,Sienna,MiniVan,2008
Gasoline,4.95,74,66,Wesley Chapel,US,28.187993,-82.294013,FL,3123958,135,Jaguar,F-TYPE,Car,2015
Gasoline,4.97,74,67,Orlando,US,28.46942,-81.26663,FL,3140152,68,Nissan,Sentra,Car,2017
Hybrid,4.97,73,63,Fort Lauderdale,US,26.093261,-80.155639,FL,3205604,239,BMW,i8,Car,2015
Gasoline,4.95,73,65,Jersey City,US,40.723435,-74.049728,NJ,67096,74,Honda,Accord,Car,2017
Gasoline,4.76,72,59,Los Angeles,US,34.082647,-118.183006,CA,4533209,60,Ford,Mustang,Car,2017
Gasoline,4.89,72,64,Port Orange,US,29.116819,-81.03491,FL,3758468,52,Audi,A3,Car,2015
Gasoline,4.89,72,55,Jersey City,US,40.718032,-74.055242,NJ,2110510,99,Jaguar,F-PACE,SUV,2018
Gasoline,4.84,71,58,East Point,US,33.652323,-84.491513,GA,7697843,29,smart,fortwo,Car,2015
Gasoline,4.97,71,66,Hialeah,US,25.893271,-80.291758,FL,1741222,42,Dodge,Challenger,Car,2019
Gasoline,5,71,64,Los Angeles,US,34.224473,-118.632331,CA,4082713,124,Porsche,718 Boxster,Car,2018
Gasoline,4.8,70,61,Los Angeles,US,33.960548,-118.419594,CA,187995,69,Ford,Mustang,Car,2016
Gasoline,4.98,70,60,Los Angeles,US,34.04561,-118.232783,CA,6410040,74,FIAT,124 Spider,Car,2018
Electric,4.97,70,64,Denver,US,39.71462,-104.928929,CO,8689016,109,Tesla,Model 3,Car,2019
Gasoline,4.95,70,65,Jersey City,US,40.718634,-74.055106,NJ,2110510,79,BMW,3 Series,Car,2018
Gasoline,4.82,69,55,Missouri City,US,29.536599,-95.553265,TX,1541014,25,Toyota,Corolla,Car,2010
Gasoline,5,69,53,Jacksonville,US,30.334124,-81.793676,FL,742089,84,BMW,3 Series Gran Turismo,Car,2016
Gasoline,4.89,69,65,Decatur,US,33.723657,-84.168811,GA,7363993,42,Hyundai,Accent,Car,2017
Gasoline,5,69,60,Menifee,US,33.712389,-117.141292,CA,2087524,105,Polaris,Slingshot,Car,2017
Gasoline,5,68,64,Orlando,US,28.370857,-81.261958,FL,9809595,86,Mercedes-Benz,GLE-Class,SUV,2016
Gasoline,4.89,67,53,North Salt Lake,US,40.859914,-111.935084,UT,3624460,86,Porsche,Cayenne,SUV,2009
Gasoline,5,66,61,Denver ,US,39.794452,-104.773309,CO,5420642,74,Dodge,Challenger,Car,2017
Hybrid,4.86,66,56,Austin,US,30.286223,-97.706597,TX,4353395,37,Toyota,Prius v,Car,2012
Gasoline,4.85,66,61,Orlando,US,28.441478,-81.243535,FL,7734529,33,Dodge,Grand CaraVan,MiniVan,2010
Gasoline,4.92,66,49,San Jose,US,37.308165,-121.966932,CA,1095222,36,Honda,Odyssey,MiniVan,2013
Gasoline,4.89,65,54,San Diego,US,32.727268,-117.195818,CA,3689861,45,FIAT,500,Car,2012
Gasoline,5,65,58,New Orleans,US,29.940876,-90.105662,LA,7811941,65,Kia,Sorento,SUV,2019
Gasoline,4.93,65,57,San Jose,US,37.333073,-121.896368,CA,7985834,49,Mercedes-Benz,C-Class,Car,2009
Electric,5,64,55,Santa Clara,US,37.36353,-121.982078,CA,313105,89,Tesla,Model 3,Car,2018
Gasoline,4.89,64,53,Orlando,US,28.407285,-81.410416,FL,1089824,89,Maserati,Ghibli,Car,2016
Gasoline,4.88,64,59,Denver,US,39.765384,-104.905548,CO,543152,75,Ford,Mustang,Car,2007
Gasoline,5,64,54,Fair Lawn,US,40.928334,-74.1166,NJ,1319433,319,Porsche,911,Car,2012
Gasoline,4.96,64,55,Miami Beach,US,25.817311,-80.121301,FL,3237409,141,Land Rover,Range Rover Sport,SUV,2014
Gasoline,5,63,57,Alpine,US,40.453749,-111.792497,UT,7791670,86,Jeep,Wrangler,SUV,2018
Gasoline,5,63,56,Costa Mesa,US,33.63995,-117.932353,CA,9683913,449,Ferrari,458 Spider,Car,2015
Hybrid,4.67,62,51,Roseville,US,38.767113,-121.267476,CA,10140979,38,Toyota,Prius,Car,2008
Gasoline,4.87,62,46,Palo Alto,US,37.425793,-122.1414,CA,270754,139,Porsche,911,Car,2000
Hybrid,4.79,62,47,San Antonio,US,29.515259,-98.536714,TX,64265,29,Toyota,Prius,Car,2012
Gasoline,4.85,61,46,Orlando,US,28.389046,-81.401761,FL,6801746,65,Ford,Mustang,Car,2019
Electric,5,61,60,San Diego,US,32.809456,-117.142042,CA,11304513,109,Tesla,Model 3,Car,2019
Gasoline,4.87,61,52,Miami,US,25.799286,-80.261178,FL,637495,30,Hyundai,Sonata,Car,2019
Gasoline,5,61,48,Jacksonville,US,30.333175,-81.793082,FL,742089,86,Porsche,Boxster,Car,2011
Gasoline,4.86,61,49,Rincon,US,32.281402,-81.238395,GA,1312099,58,Ford,Mustang,Car,2012
Gasoline,4.88,60,52,Orlando,US,28.469542,-81.266467,FL,3140152,78,Ford,Fusion,Car,2017
Gasoline,4.88,60,33,Metairie,US,29.974216,-90.161506,LA,198464,42,Scion,xD,Car,2008
Gasoline,4.94,60,51,Missouri City,US,29.554604,-95.541219,TX,1468529,25,Toyota,Corolla,Car,2010
Gasoline,4.98,60,47,Austin,US,30.284071,-97.706141,TX,988215,38,Volkswagen,Jetta,Car,2017
Gasoline,4.94,59,49,Houston,US,29.745102,-95.39191,TX,1618356,35,Honda,CR-V,SUV,2011
Gasoline,4.92,59,49,Austin,US,30.307395,-97.707145,TX,914019,43,Mercedes-Benz,C-Class,Car,2009
Gasoline,5,59,54,Metairie,US,29.97545,-90.143291,LA,3088902,189,Chevrolet,Corvette,Car,2016
Gasoline,4.98,59,50,Chula Vista,US,32.626482,-117.016667,CA,2028096,120,Chevrolet,Corvette,Car,2018
Gasoline,4.96,59,56,Orlando,US,28.388727,-81.401216,FL,6801746,65,BMW,2-Series,Car,2019
Gasoline,4.98,59,54,Memphis,US,35.144672,-90.054669,TN,2288121,60,Nissan,Altima,Car,2019
Gasoline,4.98,59,52,San Diego,US,32.726897,-117.178935,CA,1954201,181,Chevrolet,Corvette,Car,2008
Gasoline,5,58,55,Atlanta,US,33.927733,-84.342829,GA,511103,89,Dodge,Challenger,Car,2019
Electric,5,58,46,Weehawken,US,40.775442,-74.014279,NJ,11244767,166,Tesla,Model 3,Car,2018
Gasoline,4.98,58,50,Austin,US,30.217598,-97.686914,TX,8793776,59,Mercedes-Benz,CLA-Class,Car,2015
Gasoline,4.91,57,34,Orem,US,40.294875,-111.668561,UT,3184754,79,Jeep,Wrangler,SUV,2016
Hybrid,4.93,57,42,Lodi,US,40.875166,-74.073924,NJ,5125492,498,BMW,i8,Car,2015
Gasoline,4.9,57,51,Newport Beach,US,33.626859,-117.908766,CA,6069583,30,Ford,Fiesta,Car,2018
Gasoline,4.98,57,50,Hollywood,US,26.03426,-80.176041,FL,1114907,120,Polaris,Slingshot,Car,2019
Gasoline,5,56,55,Boca Raton,US,26.361027,-80.135352,FL,4020026,52,Ford,Mustang,Car,2016
Gasoline,4.98,56,50,Elk Grove,US,38.445948,-121.373584,CA,11559506,79,BMW,X5,SUV,2015
Hybrid,4.8,56,50,Missouri City,US,29.555005,-95.541668,TX,5136026,28,Toyota,Prius,Car,2013
Gasoline,5,56,39,Jacksonville,US,30.333764,-81.793613,FL,742089,86,BMW,Z4,Car,2014
Gasoline,4.82,56,50,Douglasville,US,33.723699,-84.702829,GA,3983888,56,Infiniti,EX35,SUV,2008
Gasoline,4.87,56,47,Atlanta,US,33.811362,-84.452952,GA,2052844,120,BMW,4 Series,Car,2014
Gasoline,4.98,56,51,Sausalito,US,37.875663,-122.520419,CA,4911711,108,Mercedes-Benz,C-Class,Car,2018
Gasoline,5,55,50,Salt Lake City,US,40.773847,-111.877436,UT,4389601,80,Genesis,G80,Car,2017
Gasoline,4.79,55,42,Rockville,US,39.060651,-77.116164,MD,3276160,35,BMW,3 Series,Car,2010
Gasoline,4.93,55,41,Commerce City,US,39.869172,-104.786883,CO,2318184,55,Jeep,Renegade,SUV,2017
Gasoline,4.96,55,50,Fort Myers,US,26.59529,-81.886806,FL,8115727,92,Mercedes-Benz,C-Class,Car,2015
Electric,5,54,49,San Antonio,US,29.6814,-98.438422,TX,3020626,225,Tesla,Model X,SUV,2017
Electric,4.96,54,49,Denver,US,39.713542,-104.928169,CO,8689016,159,Tesla,Model X,SUV,2019
Gasoline,4.64,54,47,Irvine,US,33.67253,-117.838707,CA,1186913,59,Infiniti,QX60,SUV,2015
Gasoline,4.95,54,44,Austin,US,30.169396,-97.958952,TX,4742782,79,Mercedes-Benz,GL-Class,SUV,2012
Gasoline,4.98,54,51,Coppell,US,32.965781,-96.972723,TX,2682307,399,Chevrolet,Corvette,Car,1961
Gasoline,4.77,54,48,Jacksonville,US,30.346418,-81.474448,FL,5271763,69,Nissan,Murano,SUV,2015
Gasoline,4.95,53,40,Orlando,US,28.467716,-81.266742,FL,3140152,68,Ford,Focus,Car,2016
Gasoline,4.66,53,44,Emeryville,US,37.840859,-122.296373,CA,7604721,75,Audi,A4,Car,2018
Gasoline,5,53,48,Metairie,US,29.974871,-90.144115,LA,3088902,95,BMW,4-Series,Car,2019
Gasoline,4.97,53,40,Los Angeles,US,33.978047,-118.416585,CA,1347938,59,Mazda,MX-5 Miata RF,Car,2018
Gasoline,5,52,44,Union,US,40.682808,-74.239377,NJ,10132512,97,BMW,4-Series,Car,2019
Gasoline,4.98,52,49,Austin,US,30.24954,-97.856581,TX,4022601,113,Toyota,Supra,Car,2020
Hybrid,5,52,48,Azusa,US,34.127146,-117.892262,CA,4229573,35,Hyundai,Ioniq Hybrid,Car,2019
Gasoline,4.91,52,44,Los Angeles,US,33.941896,-118.408607,CA,3280890,65,Mercedes-Benz,CLA-Class,Car,2020
Gasoline,5,51,45,Denver,US,39.754224,-104.991905,CO,2077169,110,Toyota,4Runner,SUV,2018
Electric,5,51,43,Fair Lawn,US,40.928475,-74.115425,NJ,1319433,207,Tesla,Model 3,Car,2019
Gasoline,4.59,51,39,Loveland,US,40.410287,-104.998124,CO,3856661,99,Chevrolet,Express,Van,2010
Electric,4.93,51,43,Los Angeles,US,33.942102,-118.423985,CA,3597423,149,Tesla,Model X,SUV,2017
Gasoline,4.85,51,48,Atlanta,US,33.927656,-84.343058,GA,511103,129,Dodge,Charger,Car,2017
Electric,5,50,44,Fair Oaks,US,38.650121,-121.306954,CA,5685292,130,Tesla,Model 3,Car,2019
Electric,4.84,50,43,Deerfield Beach,US,26.320824,-80.150773,FL,1150655,175,Tesla,Model S,Car,2017
Gasoline,5,49,39,Jacksonville,US,30.332931,-81.792444,FL,742089,86,BMW,4 Series,Car,2015
Hybrid,4.77,49,35,Los Angeles,US,33.960295,-118.3931,CA,6751543,69,BMW,5-Series,Car,2019
Gasoline,4.97,49,35,San Diego,US,32.725525,-117.196843,CA,2263885,34,Hyundai,Sonata,Car,2017
Gasoline,4.93,49,46,San Diego,US,32.727658,-117.195823,CA,1475359,36,Nissan,Rogue,SUV,2017
Gasoline,5,49,44,Tampa,US,27.889358,-82.529742,FL,10766438,174,BMW,4-Series,Car,2019
Gasoline,4.74,49,35,Metairie,US,29.973968,-90.162225,LA,198464,29,Nissan,Versa,Car,2013
Gasoline,4.89,48,37,San Diego,US,32.727527,-117.195608,CA,2263885,55,Jeep,Gladiator,Truck,2020
Gasoline,4.95,48,40,Farmington,US,40.986463,-111.907657,UT,6464952,46,Subaru,Forester,SUV,2014
Gasoline,5,48,43,Santa Ana,US,33.697955,-117.865792,CA,3677277,225,Chevrolet,Corvette,Car,2017
Gasoline,4.98,48,44,Orlando,US,28.561015,-81.29177,FL,9328064,64,Land Rover,Range Rover Evoque,SUV,2013
Gasoline,5,48,41,Jersey City,US,40.721165,-74.049001,NJ,67096,77,Honda,CR-V,SUV,2016
Gasoline,4.79,48,43,Pearland,US,29.575687,-95.412482,TX,5779515,56,Hyundai,Sonata,Car,2018
Gasoline,4.8,48,45,Irving,US,32.864267,-97.014193,TX,3809029,26,Toyota,Camry,Car,2007
Gasoline,5,47,44,San Diego,US,32.751785,-117.049297,CA,10006641,56,BMW,4 Series Gran Coupe,Car,2016
Gasoline,4.88,47,42,Jersey City,US,40.720419,-74.042009,NJ,519772,225,Porsche,Cayenne,SUV,2019
Gasoline,4.86,47,42,Memphis,US,35.019883,-89.796826,TN,9019103,58,Chevrolet,Camaro,Car,2013
Gasoline,5,47,42,San Jose,US,37.340363,-121.886026,CA,5529694,45,BMW,3 Series,Car,2008
Gasoline,4.82,47,38,Missouri City,US,29.554892,-95.541126,TX,6812571,26,Toyota,Camry,Car,2011
Hybrid,5,47,38,Orlando,US,28.570879,-81.215995,FL,1935086,55,Chevrolet,Silverado 1500 Hybrid,Truck,2012
Gasoline,4.88,46,41,Land O Lakes,US,28.208151,-82.395263,FL,3569427,45,Mitsubishi,Outlander,SUV,2017
Gasoline,4.83,46,36,Metairie,US,29.975182,-90.162255,LA,198464,30,Mitsubishi,Mirage,Car,2015
Gasoline,4.81,46,42,San Antonio,US,29.521412,-98.454321,TX,11327611,45,Ford,Escape,SUV,2018
Gasoline,4.97,46,40,West Hollywood,US,34.081689,-118.376074,CA,414549,299,Porsche,Panamera,Car,2015
Hybrid,5,46,41,Spring Valley,US,32.713205,-116.981791,CA,468663,40,Toyota,Prius,Car,2012
Gasoline,4.92,46,37,San Jose,US,37.367738,-121.819474,CA,785391,40,Acura,ILX,Car,2013
Diesel,4.91,46,44,Denver,US,39.714198,-104.927761,CO,8689016,90,Mercedes-Benz,GL-Class,SUV,2015
Gasoline,4.84,46,37,Frisco,US,33.118227,-96.842208,TX,3156071,30,Chevrolet,Malibu,Car,2015
Gasoline,5,45,41,Orlando,US,28.372106,-81.279329,FL,5764964,39,Volkswagen,Jetta,Car,2016
Gasoline,4.98,45,41,Austin,US,30.418945,-97.739133,TX,7107554,39,Audi,A4,Car,2016
Gasoline,5,45,41,Aberdeen Township,US,40.402855,-74.228052,NJ,4021066,94,Volvo,S90,Car,2018
Gasoline,4.95,45,39,Denver,US,39.765752,-104.903203,CO,543152,95,Chevrolet,Suburban,SUV,2012
Electric,5,45,42,Los Gatos,US,37.242819,-121.932302,CA,10021197,100,Tesla,Model 3,Car,2018
Gasoline,4.97,45,37,Denver,US,39.823889,-104.770893,CO,8482745,55,Nissan,Rogue,SUV,2016
Gasoline,5,45,39,Corona,US,33.971926,-117.584254,CA,8556842,95,Jeep,Wrangler Unlimited,SUV,2019
Gasoline,4.95,44,41,Tampa,US,28.006312,-82.560063,FL,11592515,49,Toyota,C-HR,SUV,2018
Electric,5,44,40,Edgewater,US,40.80948,-73.985567,NJ,1367019,188,Tesla,Model 3,Car,2018
Gasoline,4.89,44,37,Seffner,US,27.978818,-82.285907,FL,9422919,89,Chevrolet,Tahoe,SUV,2015
Gasoline,4.89,44,35,Boca Raton,US,26.331108,-80.115366,FL,7374542,50,Chevrolet,Equinox,SUV,2016
Gasoline,4.97,44,37,Austin,US,30.246203,-97.751169,TX,11676918,31,Subaru,Impreza,Car,2009
Gasoline,5,44,39,Austin,US,30.306629,-97.709578,TX,914019,43,BMW,3 Series,Car,2009
Gasoline,4.92,44,37,Ruskin,US,27.712986,-82.447945,FL,2224456,38,Chrysler,Sebring,Car,2010
Gasoline,4.66,43,32,Del Valle,US,30.217694,-97.662136,TX,226203,29,Lexus,ES 350,Car,2009
Electric,5,43,41,Humble,US,29.94572,-95.251403,TX,8893199,111,Tesla,Model 3,Car,2018
Gasoline,5,43,37,Boca Raton,US,26.3832,-80.093978,FL,2043564,105,Ford,F-150,Truck,2017
Gasoline,5,43,30,Austin,US,30.287585,-97.767067,TX,1031296,45,Hyundai,Santa Fe,SUV,2013
Gasoline,4.97,43,36,Denver,US,39.743478,-104.975133,CO,4993959,85,Toyota,4Runner,SUV,2016
Gasoline,5,43,36,Tampa,US,28.024445,-82.466882,FL,9698541,37,Mercedes-Benz,E-Class,Car,2007
Gasoline,4.89,43,38,Baltimore,US,39.293041,-76.51642,MD,1338963,42,Acura,TSX,Car,2009
Electric,4.84,43,37,Gardena,US,33.905823,-118.320606,CA,1782906,125,Tesla,Model 3,Car,2019
Electric,5,43,35,Denver,US,39.713131,-104.928574,CO,8689016,159,Tesla,Model X,SUV,2020
Gasoline,4.94,42,35,Santa Clara,US,37.351782,-121.952163,CA,666668,79,BMW,4 Series,Car,2018
Gasoline,4.94,42,35,San Jose,US,37.341168,-121.886768,CA,5529694,45,BMW,X3,SUV,2008
Gasoline,4.89,42,37,Denver,US,39.768511,-105.022022,CO,509664,175,Bentley,Continental GT,Car,2006
Gasoline,5,42,35,El Segundo,US,33.921395,-118.403326,CA,11134267,69,BMW,Z4,Car,2019
Gasoline,4.97,42,39,Austin,US,30.178611,-97.839696,TX,10253567,28,Honda,Civic,Car,2014
Gasoline,4.94,42,36,Los Angeles,US,33.978139,-118.416536,CA,1347938,119,BMW,M4,Car,2017
Gasoline,4.91,42,35,Jersey City,US,40.725115,-74.040461,NJ,7825483,283,Porsche,Boxster,Car,2014
Gasoline,4.59,42,32,Orlando,US,28.530744,-81.484884,FL,2931650,40,Dodge,Grand CaraVan,MiniVan,2012
Gasoline,4.83,42,35,Irvine,US,33.671722,-117.837271,CA,1186913,59,Mercedes-Benz,C-Class,Car,2018
Gasoline,5,42,38,Atlanta,US,33.927109,-84.343284,GA,511103,175,Chevrolet,Corvette,Car,2017
Gasoline,4.97,42,37,Azusa,US,34.127181,-117.893095,CA,4229573,35,Toyota,RAV4,SUV,2018
Gasoline,5,41,38,Jacksonville,US,30.335201,-81.792844,FL,742089,124,Porsche,Cayman,Car,2014
Gasoline,4.97,41,35,Atlanta,US,33.668353,-84.418542,GA,10413163,112,Jeep,Wrangler Unlimited,SUV,2019
Gasoline,4.94,41,34,San Jose,US,37.339595,-121.886177,CA,5529694,44,BMW,3 Series,Car,2007
Gasoline,4.97,41,37,Centennial,US,39.619237,-104.786597,CO,2043161,118,Ford,Explorer,SUV,2014
Gasoline,4.97,41,36,Lehi,US,40.436527,-111.881775,UT,8863555,131,GMC,Yukon XL,SUV,2015
Gasoline,4.97,41,36,Old Bridge Township,US,40.400514,-74.355938,NJ,4998472,75,Lexus,GX 470,SUV,2007
Electric,4.73,41,33,Denver,US,39.714329,-104.927194,CO,8689016,109,Tesla,Model 3,Car,2020
Gasoline,4.97,41,37,McDonough,US,33.466806,-84.216997,GA,10244672,90,Lexus,IS 250,Car,2015
Gasoline,4.97,41,40,Glen Burnie,US,39.198595,-76.604576,MD,1569778,88,Ford,Mustang,Car,2019
Hybrid,4.97,40,39,Jersey City,US,40.733188,-74.037498,NJ,323975,320,BMW,i8,Car,2015
Gasoline,4.9,40,39,Odenton,US,39.083644,-76.691181,MD,10308457,46,Hyundai,Sonata,Car,2016
Gasoline,4.92,40,38,Atlanta,US,33.640694,-84.444701,GA,5878338,130,Chevrolet,Camaro,Car,2017
Gasoline,5,40,37,Bountiful,US,40.852376,-111.890031,UT,10946249,49,Toyota,Tundra,Truck,2010
Electric,5,40,37,Orlando,US,28.371338,-81.261823,FL,9809595,189,Tesla,Model X,SUV,2019
Gasoline,5,40,33,San Diego,US,32.718024,-117.137379,CA,1466987,55,Kia,Sedona,MiniVan,2018
Hybrid,5,40,38,San Diego,US,32.73541,-117.176246,CA,4451252,27,Ford,Fusion,Car,2012
Gasoline,4.94,40,35,Brentwood,US,36.03473,-86.747089,TN,1641245,90,BMW,X5,SUV,2015
Gasoline,4.89,40,37,Newport Beach,US,33.670523,-117.862719,CA,9863897,65,Mercedes-Benz,C-Class,Car,2018
Gasoline,5,40,38,Hialeah,US,25.893332,-80.292179,FL,1741222,47,Chevrolet,Camaro,Car,2019
Gasoline,4.87,40,30,East Point,US,33.652468,-84.492432,GA,7697843,42,Volkswagen,Jetta,Car,2016
Gasoline,5,39,31,Atlanta,US,33.879187,-84.456395,GA,6580855,65,Mercedes-Benz,C-Class,Car,2016
Gasoline,4.76,39,37,Orlando,US,28.438438,-81.396,FL,14406735,54,Mercedes-Benz,C-Class,Car,2015
Gasoline,4.94,39,35,Colorado Springs,US,38.874203,-104.694102,CO,8231060,33,Toyota,Corolla,Car,2009
Gasoline,5,39,36,Miami,US,25.794201,-80.263922,FL,6311629,89,Jeep,Wrangler,SUV,2018
Gasoline,4.87,39,31,Miami,US,25.795746,-80.285916,FL,8871227,92,Lexus,GX,SUV,2019
Gasoline,4.94,39,36,Atlanta,US,33.667718,-84.419644,GA,10413163,85,Mercedes-Benz,E-Class,Car,2016
Gasoline,4.97,38,30,San Antonio,US,29.496734,-98.455118,TX,7905582,35,Toyota,Corolla,Car,2009
Hybrid,5,38,33,San Diego,US,32.727599,-117.196657,CA,3689861,36,Honda,Accord Sedan,Car,2019
Gasoline,4.97,38,33,Los Angeles,US,33.94176,-118.408813,CA,3280890,55,BMW,3-Series,Car,2019
Gasoline,5,38,35,Deerfield Beach,US,26.297427,-80.166362,FL,8669035,46,Dodge,Grand CaraVan,MiniVan,2013
Electric,4.97,38,37,Austin,US,30.195245,-97.811651,TX,4722830,99,Tesla,Model 3,Car,2020
Gasoline,4.97,38,35,Houston,US,30.019454,-95.380574,TX,5887443,45,Chevrolet,Malibu,Car,2017
Gasoline,4.86,38,35,Ruskin,US,27.713453,-82.448121,FL,2224456,36,Dodge,Grand CaraVan,MiniVan,2010
Gasoline,5,37,33,Irwindale,US,34.081393,-117.994444,CA,3240182,128,BMW,7-Series,Car,2019
Gasoline,5,37,34,San Antonio,US,29.679326,-98.437502,TX,5238887,200,Porsche,Panamera,Car,2013
Gasoline,4.97,37,36,Port Orange,US,29.116212,-81.034583,FL,3758468,29,Chevrolet,Spark,Car,2019
Gasoline,4.82,37,33,South San Francisco,US,37.65722,-122.415589,CA,7492380,44,Volkswagen,Jetta,Car,2019
Gasoline,5,37,33,Winter Park,US,28.609909,-81.359177,FL,4913720,59,Volkswagen,Tiguan,SUV,2018
Gasoline,4.94,37,34,Fort Lauderdale,US,26.091496,-80.16557,FL,10863848,33,Honda,Civic,Car,2017
Gasoline,4.97,37,35,Atlanta,US,33.763413,-84.388602,GA,7982582,130,Audi,A8,Car,2015
Electric,5,36,33,Pinellas Park,US,27.846267,-82.676734,FL,1270921,180,Tesla,Model S,Car,2013
Gasoline,5,36,34,Deerfield Beach,US,26.321778,-80.164611,FL,4344950,34,Chevrolet,Cruze Limited,Car,2016
Gasoline,4.91,36,34,Atlanta,US,33.811329,-84.375881,GA,3659271,99,BMW,4 Series Gran Coupe,Car,2016
Electric,5,36,35,Costa Mesa,US,33.679817,-117.92159,CA,9527129,109,Tesla,Model 3,Car,2018
Gasoline,5,36,30,San Diego,US,32.725614,-117.196481,CA,2263885,59,BMW,X1,SUV,2019
Gasoline,5,36,31,Doral,US,25.815971,-80.335651,FL,12397261,86,Ford,Mustang,Car,2018
Gasoline,5,36,34,Tracy,US,37.760363,-121.554654,CA,7232780,159,Ford,F-150,Truck,2018
Gasoline,4.71,36,28,El Segundo,US,33.917407,-118.389794,CA,1126542,35,Ford,Mustang,Car,2006
Gasoline,4.93,36,27,Austin,US,30.229183,-97.721469,TX,6510847,29,FIAT,500,Car,2012
Gasoline,4.8,36,30,Houston,US,30.019536,-95.381183,TX,5887443,39,Toyota,RAV4,SUV,2012
Gasoline,4.97,36,30,Emeryville,US,37.838033,-122.304398,CA,2485941,159,Porsche,Macan,SUV,2015
Gasoline,4.88,36,33,Orlando,US,28.554063,-81.379425,FL,11205051,104,Porsche,Macan,SUV,2017
Gasoline,4.97,36,30,Fort Myers,US,26.605604,-81.851571,FL,6031731,50,Hyundai,Elantra,Car,2020
Electric,5,36,33,San Antonio,US,29.575046,-98.509511,TX,10510979,91,Tesla,Model 3,Car,2019
Electric,5,35,31,San Diego,US,32.791508,-117.192402,CA,10077966,95,Tesla,Model 3,Car,2018
Gasoline,4.97,35,31,Salt Lake City,US,40.76689,-111.905296,UT,7753218,95,Jeep,Cherokee,SUV,2019
Gasoline,5,35,31,San Antonio,US,29.63975,-98.620555,TX,10988010,66,Audi,A3,Car,2017
Gasoline,4.94,35,31,Fullerton,US,33.899739,-117.976989,CA,73134,75,Lexus,GX 460,SUV,2016
Gasoline,4.73,35,30,Memphis,US,35.05732,-89.800023,TN,10163250,46,Toyota,Camry,Car,2013
Gasoline,4.89,35,35,Newark,US,40.68945,-74.175331,NJ,462368,150,BMW,M4,Car,2016
Gasoline,4.71,35,21,San Francisco,US,37.758913,-122.428891,CA,5207578,60,Dodge,Grand CaraVan,MiniVan,2015
Gasoline,4.97,35,32,Los Angeles,US,33.944575,-118.371703,CA,1300139,26,Kia,Rio,Car,2015
Gasoline,5,35,32,El Segundo,US,33.925926,-118.398128,CA,907345,54,Mazda,MX-5 Miata,Car,2016
Gasoline,4.97,35,33,Orlando,US,28.371074,-81.26198,FL,9809595,299,Audi,R8,Car,2014
Gasoline,4.81,34,32,Orlando,US,28.43095,-81.308611,FL,7342780,69,Kia,Sedona,MiniVan,2015
Gasoline,4.85,34,33,McDonough,US,33.467875,-84.216673,GA,10244672,90,Lexus,IS 250,Car,2015
Gasoline,4.94,34,31,Missouri City,US,29.537634,-95.553217,TX,6812571,25,Toyota,Corolla,Car,2009
Gasoline,4.87,34,31,Orlando,US,28.540295,-81.371703,FL,10219920,26,Hyundai,Accent,Car,2017
Gasoline,4.97,34,29,Riverside,US,33.865105,-117.439983,CA,4216964,80,Chevrolet,Silverado 1500,Truck,2018
Gasoline,4.62,34,26,San Antonio,US,29.51411,-98.537911,TX,64265,35,Chevrolet,Malibu,Car,2014
Gasoline,4.96,34,27,SaVannah,US,32.041311,-81.228966,GA,4609659,54,Nissan,Quest,MiniVan,2016
Gasoline,5,34,31,Elk Grove,US,38.446015,-121.373927,CA,11559506,64,BMW,3 Series,Car,2013
Electric,5,33,28,Los Angeles,US,33.970753,-118.389367,CA,10718657,249,Tesla,Model S,Car,2018
Gasoline,4.93,33,30,West Palm Beach,US,26.668549,-80.114142,FL,12194762,40,Volkswagen,Jetta,Car,2017
Gasoline,5,33,26,Sacramento,US,38.564357,-121.359879,CA,50913,48,MINI,Cooper Countryman,Car,2014
Hybrid,5,33,30,Lake Mary,US,28.789546,-81.388067,FL,6355405,229,BMW,I8,Car,2019
Gasoline,5,33,29,Denver,US,39.793639,-104.767828,CO,5123683,99,Toyota,Tacoma,Truck,2018
Gasoline,5,33,31,Brentwood,US,35.988259,-86.819378,TN,9753421,79,Jeep,Wrangler,SUV,2011
Gasoline,4.81,32,27,Inglewood,US,33.928064,-118.376845,CA,9828768,29,Toyota,Camry,Car,2011
Gasoline,5,32,26,San Diego,US,32.717918,-117.136019,CA,8989343,65,Jeep,Wrangler,SUV,2018
Gasoline,5,32,22,Miami,US,25.798805,-80.260427,FL,14322809,79,Mercedes-Benz,CLA-Class,Car,2018
Gasoline,4.97,32,31,Boca Raton,US,26.331484,-80.115676,FL,7374542,80,Jeep,Cherokee,SUV,2019
Gasoline,5,32,28,Costa Mesa,US,33.640123,-117.93215,CA,9683913,115,BMW,X7,SUV,2019
Gasoline,4.96,32,28,Sacramento,US,38.466271,-121.362979,CA,9883263,50,Toyota,Camry,Car,2018
Electric,4.83,32,30,Millbrae,US,37.603094,-122.386912,CA,254719,75,Tesla,Model S,Car,2013
Gasoline,5,32,30,Dallas,US,32.825477,-96.790763,TX,5494464,59,Mercedes-Benz,GLK-Class,SUV,2013
Gasoline,4.86,32,29,San Diego,US,32.752029,-117.21346,CA,2263885,69,BMW,3-Series,Car,2019
Gasoline,5,32,29,Monument,US,39.081349,-104.843288,CO,8391623,249,Chevrolet,Corvette,Car,2008
Gasoline,5,32,27,Niceville,US,30.534071,-86.474849,FL,11257879,135,Porsche,Cayman,Car,2014
Gasoline,5,31,28,Tampa,US,27.962386,-82.464326,FL,6867103,72,Jeep,Gladiator,Truck,2020
Gasoline,5,31,29,Deerfield Beach,US,26.298059,-80.166235,FL,8669035,55,Ford,Mustang,Car,2017
Gasoline,4.97,31,31,Orlando,US,28.368691,-81.501012,FL,672204,125,Land Rover,Range Rover Sport,SUV,2014
Gasoline,5,31,28,Fort Lauderdale,US,26.097342,-80.148129,FL,10611736,120,BMW,4 Series,Car,2017
Gasoline,4.9,31,30,San Bruno,US,37.620548,-122.416872,CA,4351833,379,Audi,R8,Car,2011
Hybrid,5,31,26,Austin,US,30.150364,-97.719832,TX,13184353,62,Lexus,CT 200h,Car,2015
Gasoline,4.9,31,30,San Antonio,US,29.521,-98.731711,TX,8191374,48,Toyota,Sienna,MiniVan,2011
Gasoline,5,31,30,Sacramento,US,38.465678,-121.363878,CA,9883263,102,Mercedes-Benz,C-Class,Car,2019
Gasoline,4.9,31,29,Denver,US,39.764655,-104.905183,CO,543152,95,Chevrolet,Suburban,SUV,2011
Gasoline,5,31,27,Orlando,US,28.497817,-81.322844,FL,9482137,40,Nissan,Rogue,SUV,2018
Gasoline,5,31,30,Los Angeles,US,34.105845,-118.317493,CA,1004305,122,Dodge,Challenger,Car,2018
Gasoline,4.92,30,26,Los Angeles,US,33.944041,-118.37127,CA,1300139,34,Ford,Escape,SUV,2017
Gasoline,5,30,27,Wesley Chapel,US,28.188577,-82.295195,FL,3123958,139,Chevrolet,Corvette,Car,2016
Gasoline,4.87,30,23,South Jordan,US,40.558531,-111.902989,UT,8018380,37,Kia,Rio,Car,2019
Gasoline,5,30,25,Austin,US,30.306435,-97.706873,TX,914019,43,BMW,X1,SUV,2013
Gasoline,4.92,30,24,Austin,US,30.286173,-97.706689,TX,5343023,34,FIAT,500,Car,2013
Diesel,4.88,30,26,San Diego,US,32.727525,-117.196281,CA,6353730,129,BMW,X5,SUV,2015
Gasoline,5,30,26,Odessa,US,28.166193,-82.581129,FL,451389,36,Hyundai,Sonata,Car,2013
Gasoline,5,30,25,Destin,US,30.41157,-86.478342,FL,7494255,77,BMW,3 Series,Car,2008
Gasoline,4.92,30,26,Houston,US,30.01943,-95.381578,TX,5887443,42,Chevrolet,Equinox,SUV,2014
Gasoline,5,30,27,Austin,US,30.260292,-97.901671,TX,1735989,65,Jeep,Wrangler,SUV,2013
Gasoline,5,30,30,Round Rock,US,30.567746,-97.609215,TX,4738959,87,Dodge,Challenger,Car,2015
Gasoline,4.87,29,23,Inglewood,US,33.953054,-118.373581,CA,370916,45,Honda,Civic Sedan,Car,2019
Gasoline,4.8,29,25,Santa Ana,US,33.704441,-117.852474,CA,400559,35,Dodge,Grand CaraVan,MiniVan,2018
Gasoline,5,29,27,Atlanta,US,33.74053,-84.357869,GA,8752492,129,Jaguar,XJ,Car,2016
Gasoline,4.92,29,26,Austin,US,30.285073,-97.705661,TX,8421016,35,Hyundai,Sonata,Car,2019
Gasoline,4.6,29,25,Orlando,US,28.441481,-81.242061,FL,7734529,36,Dodge,Grand CaraVan,MiniVan,2014
Gasoline,4.96,29,27,Orlando,US,28.448199,-81.24151,FL,9448952,34,Dodge,Grand CaraVan,MiniVan,2012
Gasoline,4.85,29,27,Newport Beach,US,33.671123,-117.862293,CA,9863897,46,Dodge,Challenger,Car,2019
Gasoline,5,29,24,Humble,US,29.941628,-95.247941,TX,7914909,52,Mercedes-Benz,GL-Class,SUV,2012
Gasoline,5,29,26,West Palm Beach,US,26.668983,-80.114314,FL,12194762,45,MINI,Cooper Countryman,Car,2013
Gasoline,5,29,25,Boca Raton,US,26.345833,-80.141303,FL,9701822,55,Ford,Mustang,Car,2018
Gasoline,4.92,29,26,Missouri City,US,29.53718,-95.553572,TX,4119986,25,Toyota,Corolla,Car,2010
Gasoline,4.74,28,23,Atlanta,US,33.63415,-84.454896,GA,10250575,49,Toyota,Corolla,Car,2020
Gasoline,5,28,22,Newport Beach,US,33.67102,-117.862232,CA,9863897,72,Mercedes-Benz,C-Class,Car,2019
Gasoline,4.85,28,26,Atlanta,US,33.68153,-84.407289,GA,3792936,122,Chevrolet,Suburban,SUV,2011
Gasoline,4.91,28,23,Nashville,US,36.18226,-86.749635,TN,1646321,85,Audi,A4,Car,2018
Gasoline,4.96,28,27,St. Augustine,US,29.97616,-81.527345,FL,6282719,55,Toyota,Camry,Car,2018
Gasoline,4.96,28,28,Chattanooga,US,35.024367,-85.155498,TN,5252641,65,Infiniti,G37,Car,2009
Gasoline,5,28,25,San Diego,US,32.765051,-117.158501,CA,8761848,109,Maserati,LeVante,SUV,2019
Gasoline,5,28,25,Fort Myers,US,26.605649,-81.850296,FL,6031731,55,Hyundai,Elantra,Car,2020
Gasoline,5,28,22,Cedar Park,US,30.523382,-97.863155,TX,5128958,32,Toyota,Camry,Car,2015
Gasoline,5,28,25,Tracy,US,37.753733,-121.461208,CA,7232780,200,Ford,Expedition,SUV,2018
Gasoline,5,28,27,East Brunswick,US,40.431423,-74.393076,NJ,2561238,175,Jaguar,F-TYPE,Car,2018
Gasoline,4.72,27,25,Houston,US,30.01992,-95.381316,TX,5887443,30,Mazda,MAZDA5,MiniVan,2013
Gasoline,5,27,26,Los Gatos,US,37.222707,-121.98737,CA,11587588,114,Audi,RS 3,Car,2018
Gasoline,4.83,27,24,Los Angeles,US,33.945623,-118.371459,CA,1300139,30,Honda,Civic,Car,2014
Gasoline,4.48,27,23,Orlando,US,28.441277,-81.242842,FL,7734529,32,Kia,Sedona,MiniVan,2012
Gasoline,5,27,23,Marietta ,US,33.91835,-84.553948,GA,735348,125,Ford,F-150,Truck,2019
Gasoline,4.96,27,24,Milton,US,30.536559,-87.08627,FL,181241,62,Buick,Regal,Car,2011
Electric,4.96,27,25,Richmond,US,37.932169,-122.371734,CA,10954535,86,Tesla,Model 3,Car,2019
Gasoline,4.96,27,24,Elk Grove,US,38.387182,-121.437242,CA,9459412,112,Mercedes-Benz,SLK-Class,Car,2016
Gasoline,4.73,27,26,Atlanta,US,33.648408,-84.45384,GA,8444510,32,Ford,Fiesta,Car,2017
Gasoline,5,27,25,Austin,US,30.247572,-97.775373,TX,1854243,49,MINI,Hardtop 2 Door,Car,2017
Electric,4.96,27,26,Orlando,US,28.388132,-81.402508,FL,6801746,145,Tesla,Model 3,Car,2020
Gasoline,4.95,27,22,Dallas,US,32.907868,-96.726639,TX,506196,55,Toyota,Sienna,MiniVan,2016
Gasoline,5,27,26,Fort Myers,US,26.605355,-81.850603,FL,6031731,50,Hyundai,Elantra,Car,2020
Gasoline,4.96,26,23,Houston,US,29.810746,-95.508476,TX,183904,86,Dodge,Grand CaraVan,MiniVan,2017
Gasoline,5,26,20,Miami,US,25.771328,-80.192356,FL,7932025,89,Chevrolet,Tahoe,SUV,2018
Hybrid,5,26,21,Boca Raton,US,26.351467,-80.09429,FL,2410003,54,Lexus,RX 450h,SUV,2013
Gasoline,5,26,25,Maitland,US,28.628653,-81.346973,FL,13601046,89,Porsche,Boxster,Car,2010
Gasoline,4.94,26,16,Inglewood,US,33.953075,-118.37562,CA,370916,45,BMW,5 Series,Car,2014
Gasoline,5,26,26,San Diego,US,32.727514,-117.229225,CA,9167041,32,Subaru,XV Crosstrek,SUV,2014
Gasoline,5,26,22,Fairburn,US,33.580143,-84.643162,GA,12029322,38,Kia,Sorento,SUV,2014
Electric,5,26,17,Costa Mesa,US,33.639935,-117.932852,CA,9683913,145,Tesla,Model X,SUV,2019
Electric,5,26,25,Ladera Ranch,US,33.534239,-117.597235,CA,1976227,99,Tesla,Model 3,Car,2018
Gasoline,5,26,24,Mountain View,US,37.396003,-122.095531,CA,8283760,79,Mercedes-Benz,SLK-Class,Car,2012
Gasoline,5,26,20,Chattanooga,US,35.023739,-85.155102,TN,5252641,85,Infiniti,G Sedan,Car,2013
Gasoline,4.96,26,23,Atlanta,US,33.878617,-84.456585,GA,6580855,40,Hyundai,Elantra,Car,2019
Gasoline,4.83,26,24,San Francisco,US,37.770135,-122.404935,CA,91429,81,Audi,A5,Car,2018
Electric,4.47,25,19,San Francisco,US,37.762646,-122.398954,CA,2132981,99,Tesla,Model S,Car,2013
Gasoline,5,25,17,Metairie,US,30.018732,-90.153128,LA,8769613,139,Chevrolet,Tahoe,SUV,2015
Electric,5,25,21,Torrance,US,33.817844,-118.328172,CA,5040477,109,Tesla,Model 3,Car,2019
Gasoline,4.89,25,18,Austin,US,30.286542,-97.706306,TX,988215,39,Chevrolet,Trax,SUV,2018
Electric,5,25,17,Los Angeles,US,33.970288,-118.379933,CA,4087896,95,Tesla,Model S,Car,2016
Gasoline,5,25,23,Houston,US,30.019864,-95.38125,TX,5887443,39,Toyota,RAV4,SUV,2010
Gasoline,5,25,24,Burlingame,US,37.593503,-122.364296,CA,487015,99,Jeep,Grand Cherokee,SUV,2015
Gasoline,4.95,25,22,Los Angeles,US,33.956722,-118.416636,CA,1246806,99,BMW,M4,Car,2015
Gasoline,4.91,25,23,Aurora,US,39.820145,-104.690445,CO,4913195,75,Toyota,Tacoma,Truck,2020
Gasoline,4.9,25,20,South Orange,US,40.748884,-74.2416,NJ,10729807,230,Mercedes-Benz,S-Class,Car,2014
Gasoline,4.91,25,22,Missouri City,US,29.555245,-95.54122,TX,5136026,28,Toyota,Corolla,Car,2014
Gasoline,5,25,22,San Antonio,US,29.639819,-98.490407,TX,3730585,80,Mercedes-Benz,E-Class,Car,2014
Gasoline,5,25,22,Clarkston,US,33.799778,-84.253865,GA,1879749,205,Chevrolet,Corvette,Car,2016
Hybrid,5,25,21,Jersey City,US,40.720476,-74.037873,NJ,9606481,349,BMW,i8,Car,2016
Gasoline,4.39,24,23,Miramar,US,25.979052,-80.373408,FL,11200338,125,Ford,Mustang,Car,2017
Hybrid,5,24,21,Carlsbad,US,33.128971,-117.241385,CA,6353730,129,BMW,X5 eDrive,SUV,2016
Gasoline,4.9,24,21,Miami,US,25.798009,-80.258488,FL,3772816,69,Dodge,Durango,SUV,2015
Gasoline,5,24,20,Aurora,US,39.719293,-104.702752,CO,9571373,75,Toyota,Tacoma,Truck,2019
Gasoline,4.91,24,23,Tampa,US,28.004359,-82.559606,FL,11592515,68,Mercedes-Benz,CLA-Class,Car,2014
Electric,5,24,23,Orlando,US,28.387351,-81.341231,FL,5290174,125,Tesla,Model 3,Car,2019
Gasoline,4.95,24,19,Inglewood,US,33.946587,-118.358803,CA,15082696,35,Volkswagen,Passat,Car,2014
Gasoline,5,24,18,Miami,US,25.794364,-80.238365,FL,9990258,134,Mercedes-Benz,SLC-Class,Car,2017
Gasoline,4.85,24,13,San Antonio,US,29.514296,-98.537366,TX,64265,40,Chrysler,Town and Country,MiniVan,2013
Gasoline,4.86,24,22,Sanford,US,28.762869,-81.300137,FL,10496716,32,Honda,Fit,Car,2011
Gasoline,5,24,19,Houston,US,29.728862,-95.471361,TX,1821886,75,Mercedes-Benz,GLK-Class,SUV,2011
Gasoline,5,24,23,Altamonte Springs,US,28.661938,-81.393782,FL,11679913,40,Honda,Civic Sedan,Car,2019
Gasoline,4.95,24,21,San Antonio,US,29.513666,-98.537542,TX,64265,39,Audi,A6,Car,2012
Gasoline,4.95,23,20,Lehi,US,40.430262,-111.850355,UT,10677949,92,Ford,F-150,Truck,2014
Gasoline,5,23,20,Austin,US,30.307486,-97.70936,TX,914019,32,Toyota,Yaris,Car,2008
Gasoline,5,23,19,Jersey City,US,40.72536,-74.038094,NJ,3746853,180,Porsche,Macan,SUV,2016
Gasoline,5,23,19,Roseville,US,38.806403,-121.323557,CA,9761878,169,BMW,7-Series,Car,2019
Gasoline,5,23,19,Sunnyvale,US,37.373287,-122.050495,CA,13709948,118,Porsche,718 Boxster,Car,2017
Gasoline,5,23,20,San Antonio,US,29.679593,-98.436224,TX,5238887,120,Porsche,Macan,SUV,2017
Gasoline,4.95,23,19,South Jordan,US,40.559457,-111.90249,UT,8018380,40,Buick,Encore,SUV,2019
Gasoline,4.95,22,19,Irvine,US,33.64469,-117.75031,CA,8853685,25,Hyundai,Elantra,Car,2016
Gasoline,4.95,22,22,Austin,US,30.248615,-97.733612,TX,14602921,58,Mercedes-Benz,CLA-Class,Car,2017
Gasoline,4.95,22,22,Dallas,US,32.930777,-96.82193,TX,8489353,38,Honda,Accord,Car,2014
Gasoline,4.88,22,17,Nashville,US,36.084671,-86.643423,TN,9753934,69,Chevrolet,Camaro,Car,2019
Gasoline,5,22,20,Farr West,US,41.320543,-112.037353,UT,11065441,67,Jeep,Wrangler JK,SUV,2018
Hybrid,5,22,18,Mountain House,US,37.759566,-121.552589,CA,7232780,359,BMW,I8,Car,2019
Gasoline,4.83,22,18,Houston,US,29.727958,-95.480595,TX,1821886,129,Maserati,Ghibli,Car,2016
Electric,5,21,18,Orlando,US,28.370814,-81.261941,FL,9809595,179,Tesla,Model X,SUV,2020
Gasoline,4.85,21,20,Miami,US,25.768747,-80.190054,FL,7288516,250,Mercedes-Benz,C-Class,Car,2019
Gasoline,5,21,18,Orlando,US,28.447067,-81.241204,FL,9448952,55,Cadillac,XTS,Car,2018
Gasoline,5,21,19,San Diego,US,32.726215,-117.196865,CA,5872133,59,Mercedes-Benz,C-Class,Car,2015
Gasoline,4.95,21,20,Irvine,US,33.64521,-117.748517,CA,8853685,25,Nissan,Sentra,Car,2017
Gasoline,5,21,19,San Jose,US,37.324529,-121.89245,CA,8826386,85,Jeep,Wrangler Unlimited,SUV,2019
Gasoline,5,21,17,Miami,US,25.861382,-80.323812,FL,9990258,64,Nissan,NV200,MiniVan,2017
Gasoline,4.81,21,16,Loveland,US,40.409972,-104.997276,CO,5570744,67,Honda,CR-V,SUV,2007
Gasoline,5,21,18,Salt Lake City,US,40.72466,-111.86753,UT,1853920,130,Land Rover,LR4,SUV,2013
Gasoline,5,21,19,West Sacramento,US,38.546577,-121.551735,CA,4626909,64,Chrysler,Pacifica,MiniVan,2017
Gasoline,5,21,19,San Diego,US,32.72695,-117.195476,CA,2263885,49,BMW,X3,SUV,2019
Electric,5,21,21,San Jose,US,37.317749,-121.769232,CA,416137,119,Tesla,Model 3,Car,2018
Gasoline,4.95,21,19,Edison,US,40.563104,-74.38399,NJ,1491450,92,Volvo,XC60,SUV,2019
Gasoline,5,21,17,Altamonte Springs,US,28.640594,-81.388966,FL,10413560,23,Kia,Spectra,Car,2009
Gasoline,4.95,21,19,Fort Worth,US,32.866947,-97.425738,TX,256806,35,FIAT,500,Car,2015
Electric,5,21,18,Cedar Park,US,30.471685,-97.825615,TX,1351290,175,Tesla,Model X,SUV,2017
Gasoline,5,21,19,Elk Grove,US,38.386548,-121.436671,CA,9459412,126,Mercedes-Benz,SLK-Class,Car,2016
Gasoline,4.9,21,20,Fort Lauderdale,US,26.128281,-80.139722,FL,14409423,78,Mercedes-Benz,E-Class,Car,2017
Gasoline,5,21,16,Denver,US,39.824663,-104.770905,CO,8482745,51,Mazda,CX-5,SUV,2016
Gasoline,5,20,14,New Orleans,US,30.056034,-89.958054,LA,10059762,39,Hyundai,Accent,Car,2014
Electric,4.95,20,19,Hillsborough,US,37.578135,-122.364864,CA,5105,118,Tesla,Model S,Car,2017
Electric,5,20,18,Spring,US,30.06039,-95.521106,TX,3163475,139,Tesla,Model S,Car,2015
Electric,5,20,20,Corona,US,33.848022,-117.589211,CA,9192056,99,Tesla,Model 3,Car,2018
Gasoline,5,20,16,San Jose,US,37.251177,-121.875524,CA,299942,75,BMW,4 Series,Car,2018
Gasoline,4.95,20,20,Del Valle,US,30.219193,-97.662154,TX,11279587,58,BMW,5 Series,Car,2016
Gasoline,5,20,18,Miami,US,25.799444,-80.260707,FL,637495,35,Nissan,Rogue Sport,SUV,2020
Gasoline,4.78,20,18,Orlando,US,28.5468,-81.170138,FL,11082850,49,Toyota,Corolla,Car,2020
Gasoline,4.71,20,17,Miami,US,25.79922,-80.260562,FL,637495,49,Honda,Civic Sedan,Car,2020
Gasoline,5,20,17,Dallas,US,32.824416,-96.7902,TX,5494464,159,Toyota,Supra,Car,2020
Gasoline,5,20,19,Fort Lauderdale,US,26.092811,-80.156248,FL,3205604,149,Jaguar,F-TYPE,Car,2016
Hybrid,5,20,14,Irvine,US,33.680839,-117.836198,CA,1186913,35,Honda,Accord Sedan,Car,2020
Gasoline,5,20,18,Denver,US,39.77593,-105.036798,CO,13620611,85,Mercedes-Benz,C-Class,Car,2015
Gasoline,4.95,20,19,South Jordan,US,40.559059,-111.902052,UT,8018380,69,GMC,Acadia,SUV,2019
Gasoline,5,20,15,Loveland,US,40.409918,-104.996847,CO,3856661,59,Ford,Fusion,Car,2011
Gasoline,5,20,20,San Diego,US,32.738541,-117.128602,CA,10305282,60,Audi,S4,Car,2012
Gasoline,5,20,14,Jacksonville,US,30.105223,-81.58917,FL,4822331,39,Ford,Focus,Car,2017
Gasoline,4.83,20,12,Colorado Springs,US,38.917675,-104.683878,CO,13056047,39,Kia,Optima,Car,2015
Gasoline,4.89,19,18,Jacksonville,US,30.346627,-81.476631,FL,5271763,67,Toyota,Corolla,Car,2017
Gasoline,5,19,18,Coral Springs,US,26.304562,-80.280599,FL,7152323,79,Toyota,Sienna,MiniVan,2018
Gasoline,4.76,19,17,Newport Beach,US,33.670695,-117.862229,CA,9863897,95,Mercedes-Benz,C-Class,Car,2019
Gasoline,4.87,19,15,Los Angeles,US,34.097524,-118.366353,CA,10069402,230,BMW,7 Series,Car,2018
Hybrid,4.94,19,16,Irvine,US,33.715471,-117.745473,CA,3248023,269,BMW,I8,Car,2019
Gasoline,4.71,19,14,SaVannah,US,32.041312,-81.228966,GA,4609659,52,Nissan,Altima,Car,2020
Gasoline,5,19,16,Sandy,US,40.583411,-111.812843,UT,9673004,78,Jeep,Wrangler,SUV,2016
Hybrid,4.8,19,15,San Francisco,US,37.768978,-122.411484,CA,3955019,60,Ford,Fusion Energi,Car,2017
Gasoline,4.61,19,18,Maitland,US,28.643914,-81.362315,FL,6574926,40,Dodge,Durango,SUV,2013
Gasoline,5,19,19,Los Angeles,US,34.139717,-118.3796,CA,1857079,93,BMW,7 Series,Car,2017
Gasoline,4.93,19,15,Austin,US,30.16941,-97.958171,TX,4742782,99,Mercedes-Benz,Metris,MiniVan,2018
Gasoline,4.94,19,17,Orlando,US,28.468883,-81.265763,FL,3140152,136,Chevrolet,Camaro,Car,2016
Gasoline,5,19,12,Los Angeles,US,33.975733,-118.417978,CA,6166638,899,Ferrari,488 Spider,Car,2019
Gasoline,4.93,19,15,Costa Mesa,US,33.640081,-117.932135,CA,9683913,125,BMW,X7,SUV,2019
Gasoline,4.67,19,15,Riverside,US,33.912903,-117.456561,CA,2087524,70,Ford,Mustang,Car,2018
Gasoline,5,18,16,Lake Mary,US,28.781147,-81.324796,FL,4213651,95,BMW,6 Series,Car,2015
Gasoline,5,18,13,Miami,US,25.829639,-80.204832,FL,1199274,74,Ford,Mustang,Car,2018
Gasoline,4.88,18,17,Oakland,US,37.762072,-122.16363,CA,14352614,51,BMW,X1,SUV,2014
Gasoline,4.69,18,16,Tampa,US,27.961413,-82.51509,FL,14985418,32,Hyundai,Sonata,Car,2015
Gasoline,4.87,18,15,Austin,US,30.246976,-97.775147,TX,305300,60,Toyota,4Runner,SUV,2016
Gasoline,4.93,18,14,Atlanta,US,33.903877,-84.277873,GA,53029,98,Mercedes-Benz,C-Class,Car,2019
Gasoline,5,18,14,Brooksville,US,28.532356,-82.228345,FL,8008622,143,Porsche,Macan,SUV,2015
Gasoline,4.93,18,15,Commerce City,US,39.869942,-104.787963,CO,2318184,55,Nissan,Pathfinder,SUV,2012
Gasoline,4.87,18,15,San Antonio,US,29.554397,-98.471074,TX,3103133,34,Toyota,Corolla,Car,2016
Gasoline,5,18,16,Calabasas,US,34.14733,-118.613584,CA,1693364,51,Ford,Mustang,Car,2019
Gasoline,4.93,18,15,Orlando,US,28.437696,-81.397222,FL,14406735,21,Chevrolet,Cruze,Car,2014
Gasoline,5,18,14,Boynton Beach,US,26.531442,-80.08682,FL,6113037,40,Toyota,Camry,Car,2020
Gasoline,5,18,14,Nashville,US,36.152289,-86.693406,TN,8572280,89,Ford,Explorer,SUV,2013
Gasoline,4.88,18,17,Houston,US,30.019523,-95.381089,TX,5887443,45,Jeep,Renegade,SUV,2017
Gasoline,4.65,18,17,Dania Beach,US,26.059545,-80.167017,FL,3772816,89,Alfa Romeo,Giulia,Car,2017
Gasoline,4.94,18,17,Fair Lawn,US,40.93677,-74.134336,NJ,2123567,299,Porsche,911,Car,2014
Electric,5,18,15,Tampa,US,27.939893,-82.472578,FL,9474691,131,Tesla,Model 3,Car,2019
Gasoline,5,17,15,West Palm Beach,US,26.669928,-80.112364,FL,12194762,45,Volkswagen,Tiguan,SUV,2016
Gasoline,5,17,16,Decatur,US,33.75397,-84.234782,GA,15117491,78,BMW,Z4,Car,2008
Electric,4.8,17,15,West Windsor Township,US,40.284059,-74.616522,NJ,5646197,80,Volkswagen,E-Golf,Car,2019
Gasoline,5,17,14,North Miami,US,25.911065,-80.151757,FL,327969,129,Audi,Q8,SUV,2019
Gasoline,5,17,15,Jersey City,US,40.722307,-74.049366,NJ,67096,74,Toyota,RAV4,SUV,2017
Gasoline,4.92,17,13,Tampa,US,28.066564,-82.626664,FL,10090321,87,Mercedes-Benz,GLE-Class,SUV,2016
Gasoline,5,17,15,Edgewater,US,40.817977,-73.980937,NJ,2216742,167,Chevrolet,Corvette,Car,2015
Gasoline,5,17,17,West Park,US,25.976999,-80.180949,FL,2480610,75,Ford,Mustang,Car,2018
Gasoline,5,17,16,San Bruno,US,37.633001,-122.410688,CA,9996905,80,Mazda,MX-5 Miata,Car,2017
Gasoline,4.93,17,15,Westchase,US,28.06807,-82.625368,FL,11592515,98,Ford,Mustang,Car,2017
Electric,4.6,17,10,Los Angeles,US,34.230585,-118.520757,CA,893373,149,Tesla,Model S,Car,2016
Gasoline,4.75,17,16,Atlanta,US,33.787378,-84.387736,GA,6830247,172,Porsche,Cayenne,SUV,2017
Gasoline,5,17,17,Orlando,US,28.535129,-81.260482,FL,11380512,120,Ford,Mustang,Car,2018
Electric,5,17,15,Brentwood,US,36.024603,-86.787945,TN,624902,198,Tesla,Model S,Car,2017
Gasoline,4.87,17,15,Los Angeles,US,34.166143,-118.527558,CA,7448259,108,Porsche,718 Boxster,Car,2018
Gasoline,5,16,14,Kaysville,US,41.018072,-111.924576,UT,11024369,70,Ford,Explorer,SUV,2017
Gasoline,4.69,16,13,Houston,US,29.727761,-95.48051,TX,1821886,134,Porsche,Boxster,Car,2011
Gasoline,4.64,16,14,Austin,US,30.349981,-97.734548,TX,2064076,27,Toyota,Camry,Car,2011
Gasoline,4.85,16,13,Newark,US,40.784373,-74.164839,NJ,10471342,110,Kia,Stinger,Car,2019
Gasoline,5,16,15,Austin,US,30.398521,-97.723894,TX,11067767,90,Cadillac,CTS Coupe,Car,2011
Electric,5,16,15,Elk Grove,US,38.388712,-121.437689,CA,9459412,54,BMW,i3,Car,2015
Gasoline,5,16,14,Ruskin,US,27.713477,-82.44903,FL,2224456,30,Chevrolet,Spark,Car,2013
Gasoline,5,16,16,Memphis,US,35.104077,-89.865766,TN,14797839,72,Mercedes-Benz,E-Class,Car,2017
Gasoline,5,16,11,Miami,US,25.799404,-80.260676,FL,637495,35,Nissan,Rogue Sport,SUV,2020
Gasoline,4.81,16,16,South Jordan,US,40.560101,-111.90188,UT,8018380,40,Buick,Encore,SUV,2019
Electric,4.85,16,13,Round Rock,US,30.519566,-97.741162,TX,1351290,99,Tesla,Model 3,Car,2018
Gasoline,5,16,14,South Jordan,US,40.54998,-111.898013,UT,8810918,84,Nissan,Armada,SUV,2019
Gasoline,4.92,16,12,Commerce City,US,39.868796,-104.787941,CO,2318184,55,Nissan,Pathfinder,SUV,2014
Gasoline,4.92,16,12,Danville,US,37.798224,-121.988336,CA,10995459,139,Mercedes-Benz,GL-Class,SUV,2016
Gasoline,4.8,16,15,Lake Mary,US,28.790022,-81.389058,FL,6355405,159,Land Rover,Range Rover Velar,SUV,2018
Gasoline,5,16,12,Seaside Park,US,39.924903,-74.076053,NJ,10144963,180,BMW,M-Series,Car,2019
Electric,5,16,15,San Diego,US,32.808026,-117.140743,CA,7446137,89,Tesla,Model 3,Car,2018
Gasoline,5,16,13,Coppell,US,32.960651,-97.004411,TX,8804371,90,GMC,Yukon XL,SUV,2012
Electric,4.73,16,15,Tampa,US,28.026343,-82.589299,FL,330094,143,Tesla,Model S,Car,2016
Gasoline,5,16,16,Port Orange,US,29.1154,-81.034238,FL,3758468,37,Chevrolet,Colorado,Truck,2018
Gasoline,4.8,16,15,South Jordan,US,40.559833,-111.90219,UT,8018380,59,Kia,Sedona,MiniVan,2019
Gasoline,4.93,16,14,San Diego,US,32.718295,-117.136154,CA,8364751,30,FIAT,500,Car,2014
Gasoline,5,16,15,Nashville,US,36.066476,-86.592047,TN,986957,65,Infiniti,Q50,Car,2014
Gasoline,4.92,16,13,South Jordan,US,40.55865,-111.902609,UT,8018380,125,GMC,Sierra 1500,Truck,2019
Diesel,4.92,15,12,Westminster,US,39.94343,-104.989372,CO,8932336,50,GMC,Terrain,SUV,2018
Gasoline,4.79,15,14,Pomona,US,34.063245,-117.734455,CA,9722950,45,Chevrolet,Impala,Car,2019
Gasoline,5,15,13,Miami,US,25.80022,-80.260412,FL,637495,192,Land Rover,Range Rover,SUV,2020
Gasoline,4.83,15,12,Houston,US,29.959769,-95.438891,TX,5342714,27,Kia,Soul,Car,2014
Gasoline,5,15,11,Atlanta,US,33.850201,-84.366107,GA,10872556,48,Nissan,Altima,Car,2018
Gasoline,4.9,15,10,Sarasota,US,27.352626,-82.531146,FL,11432744,50,Kia,Optima,Car,2019
Gasoline,4.86,15,14,East Windsor,US,40.280619,-74.544331,NJ,9777278,149,Jaguar,F-PACE,SUV,2018
Diesel,4.93,15,14,Carlsbad,US,33.129766,-117.241385,CA,6353730,90,Ram,1500,Truck,2017
Electric,5,15,14,Long Beach,US,33.793491,-118.136795,CA,9807099,120,Tesla,Model 3,Car,2019
Gasoline,4.93,15,15,Kearny,US,40.760871,-74.147696,NJ,9370336,114,Ford,Mustang,Car,2019
Electric,5,15,13,San Diego,US,32.799994,-117.01614,CA,11099881,109,Tesla,Model S,Car,2016
Gasoline,5,15,14,Austin,US,30.420479,-97.739445,TX,7107554,75,Audi,S5,Car,2015
Gasoline,5,15,15,orlando,US,28.560959,-81.292713,FL,9328064,89,BMW,X5,SUV,2017
Gasoline,4.79,15,14,Miami,US,25.763787,-80.190436,FL,10446329,50,Jeep,Compass,SUV,2015
Gasoline,5,15,13,Smyrna,US,33.849251,-84.519273,GA,11312622,72,MINI,Cooper,Car,2015
Electric,5,15,11,Atlanta,US,33.746442,-84.372238,GA,2253859,134,Tesla,Model 3,Car,2018
Gasoline,4.93,15,14,Dallas,US,32.823515,-96.791135,TX,5494464,69,Toyota,FJ Cruiser,SUV,2012
Electric,5,15,13,Nashville,US,36.140738,-86.763659,TN,488430,140,Tesla,Model S,Car,2015
Gasoline,5,14,13,Elizabeth,US,40.665779,-74.226902,NJ,8497550,125,Infiniti,Q50,Car,2015
Electric,5,14,9,Fort Myers,US,26.533059,-81.75569,FL,379208,112,Tesla,Model 3,Car,2020
Gasoline,5,14,12,San Jose,US,37.330328,-121.887143,CA,177704,55,BMW,3 Series,Car,2011
Gasoline,5,14,10,Houston,US,29.812901,-95.382839,TX,1295079,151,Audi,S5,Car,2018
Gasoline,5,14,11,Anaheim,US,33.796542,-117.88539,CA,9683913,265,Mercedes-Benz,G-Class,SUV,2019
Gasoline,5,14,10,Los Angeles,US,33.987956,-118.422021,CA,2432254,90,Cadillac,XT5,SUV,2020
Electric,5,14,13,North Salt Lake,US,40.858315,-111.900418,UT,14678809,84,Tesla,Model 3,Car,2018
Gasoline,5,14,11,North Miami,US,25.911718,-80.160892,FL,4800235,167,Land Rover,Range Rover Velar,SUV,2019
Gasoline,4.7,14,10,Inglewood,US,33.952917,-118.373589,CA,14915664,125,Porsche,Boxster,Car,2016
Gasoline,5,14,11,Woodstock,US,34.070795,-84.528949,GA,14354281,200,Maserati,Ghibli,Car,2017
Gasoline,5,14,13,Irvine,US,33.654374,-117.751196,CA,8853685,50,BMW,X5,SUV,2015
Gasoline,5,14,12,San Diego,US,32.726082,-117.196594,CA,2263885,30,Toyota,Corolla,Car,2020
Gasoline,5,14,13,District Heights,US,38.852144,-76.913608,MD,9052334,40,Mazda,3,Car,2018
Gasoline,4.42,14,12,Orlando,US,28.476714,-81.396662,FL,449556,24,Chevrolet,Aveo,Car,2011
Gasoline,4.75,14,12,Austin,US,30.169569,-97.959966,TX,4742782,99,Porsche,Cayenne,SUV,2014
Gasoline,4.83,14,12,San Antonio,US,29.514124,-98.537509,TX,64265,36,Audi,Q5,SUV,2011
Gasoline,5,14,14,Pembroke Pines,US,26.027873,-80.372682,FL,8930780,125,Lexus,GX 460,SUV,2017
Gasoline,5,14,14,Jersey City,US,40.715514,-74.034981,NJ,818641,125,Dodge,Charger,Car,2018
Gasoline,5,14,11,Houston,US,29.745594,-95.465064,TX,212695,106,BMW,X5,SUV,2012
Gasoline,5,14,13,Buena Park,US,33.847132,-117.988206,CA,5292463,26,Acura,TSX,Car,2012
Gasoline,5,14,13,San Diego,US,32.726131,-117.197446,CA,2263885,135,Porsche,718 Boxster,Car,2017
Gasoline,4.9,14,10,Smyrna,US,33.849506,-84.520721,GA,11312622,90,Mercedes-Benz,SLK-Class,Car,2013
Gasoline,5,14,14,Coral Springs,US,26.300143,-80.253503,FL,10392344,247,Mercedes-Benz,AMG GT,Car,2018
Gasoline,4.69,14,13,Sandy Springs,US,33.934135,-84.364693,GA,1251177,269,Maserati,LeVante,SUV,2020
Gasoline,5,14,11,San Antonio,US,29.425435,-98.689523,TX,4115779,28,Toyota,Yaris,Car,2007
Gasoline,4.5,13,8,Jacksonville,US,30.293293,-81.608942,FL,2447673,49,Kia,Sedona,MiniVan,2016
Gasoline,5,13,11,Jacksonville,US,30.334511,-81.79131,FL,742089,54,Dodge,Grand CaraVan,MiniVan,2018
Gasoline,5,13,13,Orlando,US,28.54666,-81.377734,FL,6598076,20,FIAT,500,Car,2012
Gasoline,5,13,11,Irvine,US,33.693285,-117.716399,CA,4423729,35,Mazda,Mazda6,Car,2019
Gasoline,5,13,8,Sunnyvale,US,37.348694,-122.052112,CA,1133759,80,BMW,4 Series,Car,2015
Gasoline,5,13,11,Los Angeles,US,33.942133,-118.407573,CA,1318430,199,BMW,7 Series,Car,2018
Electric,5,13,11,Broomfield,US,39.945069,-105.120617,CO,2379219,149,Tesla,Model 3,Car,2019
Gasoline,5,13,12,Houston,US,29.97829,-95.508117,TX,12798083,27,Ford,Focus,Car,2015
Gasoline,5,13,11,Smyrna,US,33.88,-84.511796,GA,1740878,80,Lexus,IS,Car,2020
Electric,5,13,12,Tampa,US,27.959111,-82.512842,FL,11427405,130,Tesla,Model 3,Car,2019
Diesel,5,13,12,Fort Meade,US,39.120473,-76.740102,MD,10078940,60,Volkswagen,Jetta,Car,2014
Gasoline,4.91,13,11,Orlando,US,28.554644,-81.377944,FL,11205051,132,Porsche,Boxster,Car,2014
Gasoline,4.92,13,12,Irvine,US,33.700536,-117.714131,CA,11489633,48,Mazda,CX-5,SUV,2018
Gasoline,5,13,7,Niceville,US,30.510845,-86.436788,FL,14772693,46,Cadillac,SRX,SUV,2011
Gasoline,5,13,13,Memphis,US,35.177621,-89.780105,TN,546483,89,Mercedes-Benz,E-Class,Car,2010
Gasoline,5,13,11,Miami,US,25.833142,-80.330832,FL,10019710,1199,Lamborghini,Huracan,Car,2019
Gasoline,5,13,9,Eastvale,US,33.973576,-117.562423,CA,2197538,86,Jeep,Wrangler Unlimited,SUV,2019
Gasoline,5,13,12,Wesley Chapel,US,28.224452,-82.312339,FL,14610786,108,Jaguar,F-PACE,SUV,2018
Gasoline,5,12,12,Dallas,US,32.817592,-96.819127,TX,6318784,42,Acura,RDX,SUV,2010
Gasoline,4.89,12,9,Denver ,US,39.80334,-104.779393,CO,5765543,49,Nissan,Xterra,SUV,2010
Gasoline,4.73,12,11,San Antonio,US,29.514425,-98.537799,TX,64265,29,Hyundai,Sonata,Car,2013
Gasoline,5,12,8,San Antonio,US,29.514048,-98.537704,TX,64265,33,Chevrolet,Camaro,Car,2013
Gasoline,5,12,10,Aurora,US,39.676855,-104.769997,CO,9424882,75,Ford,Mustang,Car,2016
Gasoline,5,12,10,South Jordan,US,40.558829,-111.901278,UT,8018380,38,Kia,Rio 5-Door,Car,2019
Hybrid,5,12,10,Citrus Heights,US,38.682996,-121.281756,CA,2697430,47,Toyota,Prius v,Car,2012
Gasoline,4.92,12,12,Orlando,US,28.370679,-81.238421,FL,8628052,69,BMW,M3,Car,2004
Gasoline,4.89,12,9,Denver,US,39.775958,-105.036876,CO,13620611,75,Ford,F-150,Truck,2014
Gasoline,5,12,11,Atlanta,US,33.81319,-84.393162,GA,9451897,140,Land Rover,Range Rover Sport,SUV,2018
Gasoline,5,12,10,Glendale,US,34.168486,-118.289541,CA,14398038,78,Land Rover,Range Rover Velar,SUV,2020
Gasoline,5,12,9,New Smyrna Beach,US,29.024688,-80.980366,FL,9870875,33,Chevrolet,Cruze,Car,2013
Gasoline,5,12,10,Fort Washington,US,38.761382,-76.993609,MD,15252590,99,Mercedes-Benz,S-Class,Car,2016
Gasoline,5,12,10,Inglewood,US,33.953469,-118.374876,CA,3783983,46,Ford,Mustang,Car,2016
Electric,4.9,12,10,Orem,US,40.321828,-111.710468,UT,11465849,150,Tesla,Model 3,Car,2017
Gasoline,5,12,10,San Diego,US,32.726098,-117.196497,CA,2263885,35,Toyota,C-HR,SUV,2020
Hybrid,5,12,10,Miami,US,25.937364,-80.203711,FL,1252142,46,Ford,Fusion Hybrid,Car,2018
Gasoline,5,12,11,Murfreesboro,US,35.75606,-86.407782,TN,11286951,32,Mazda,3,Car,2011
Gasoline,5,12,10,Seffner,US,27.979082,-82.28622,FL,9422919,119,Mercedes-Benz,CLS-Class,Car,2016
Electric,5,12,12,Cupertino,US,37.32693,-122.005416,CA,12716289,70,Tesla,Model 3,Car,2017
Gasoline,4,12,9,Houston,US,29.704152,-95.366628,TX,5318976,50,Hyundai,Elantra,Car,2015
Gasoline,5,12,9,Fair Lawn,US,40.928057,-74.116063,NJ,1319433,299,BMW,M-Series,Car,2020
Electric,5,12,9,San Bruno,US,37.626206,-122.406035,CA,9474186,149,Tesla,Model 3,Car,2019
Gasoline,5,12,9,Denver ,US,39.808296,-104.777482,CO,5765543,47,Nissan,Pathfinder,SUV,2011
Electric,5,12,11,Oakland,US,37.792562,-122.271043,CA,11583588,98,Tesla,Model 3,Car,2018
Gasoline,5,12,9,Los Angeles,US,33.945872,-118.37184,CA,1300139,36,Volkswagen,Beetle,Car,2013
Diesel,5,11,9,Irving,US,32.876906,-96.996227,TX,15309892,80,Ram,3500,Truck,2015
Electric,5,11,11,San Marino,US,34.120247,-118.108272,CA,7899439,101,Tesla,Model S,Car,2015
Hybrid,5,11,11,Jacksonville,US,30.179244,-81.555936,FL,6282719,28,Toyota,Prius,Car,2011
Gasoline,5,11,7,Austin,US,30.273903,-97.723299,TX,5793069,126,Ford,Mustang,Car,2016
Electric,5,11,8,Atlanta,US,33.992527,-84.341541,GA,310752,167,Tesla,Model S,Car,2015
Gasoline,4.56,11,9,Beverly Hills,US,34.066786,-118.397858,CA,1318430,199,Mercedes-Benz,S-Class,Car,2015
Gasoline,5,11,11,Mountainside,US,40.682898,-74.371568,NJ,14245488,99,Alfa Romeo,Stelvio,SUV,2019
Gasoline,5,11,10,Dripping Springs,US,30.241177,-98.046087,TX,856042,99,Jeep,Wrangler,SUV,2018
Electric,5,11,10,Jacksonville,US,30.253989,-81.53693,FL,8690885,125,Tesla,Model 3,Car,2018
Electric,5,11,8,San Jose,US,37.399094,-121.924493,CA,7794282,89,Tesla,Model S,Car,2013
Gasoline,5,11,8,Salt Lake City,US,40.723439,-111.839846,UT,750786,59,Acura,TLX,Car,2018
Gasoline,5,11,9,Inglewood,US,33.953435,-118.375072,CA,3783983,35,Toyota,Corolla,Car,2016
Gasoline,5,11,8,Chula Vista,US,32.663751,-116.972202,CA,14521388,250,Chevrolet,Corvette,Car,2017
Gasoline,5,11,11,Monument,US,39.09306,-104.844644,CO,6754509,75,Jeep,Wrangler,SUV,2017
Gasoline,4.88,11,8,East Los Angeles,US,34.013063,-118.142489,CA,3217019,89,Maserati,Quattroporte,Car,2014
Gasoline,5,11,7,St. Petersburg,US,27.821459,-82.703314,FL,11456746,91,Infiniti,QX,SUV,2012
Gasoline,5,11,7,Los Angeles,US,33.944445,-118.371247,CA,1300139,29,Kia,Soul,Car,2015
Gasoline,4.83,11,6,Irvine,US,33.654175,-117.750333,CA,2713274,70,Jeep,Wrangler,SUV,2008
Gasoline,5,11,10,American Fork,US,40.366274,-111.783926,UT,13718476,90,Toyota,4Runner,SUV,2017
Gasoline,4.75,11,8,Denver,US,39.772549,-104.770381,CO,11053010,65,Toyota,Camry,Car,2015
Electric,4.57,10,7,San Gabriel,US,34.128152,-118.080589,CA,161542,200,Tesla,Model S,Car,2016
Gasoline,5,10,10,Draper,US,40.475803,-111.837534,UT,6257911,45,Hyundai,Santa Fe Sport,SUV,2018
Hybrid,5,10,10,Sacramento,US,38.542482,-121.458469,CA,14825111,80,Toyota,Avalon,Car,2019
Gasoline,5,10,10,Orem,US,40.276496,-111.690883,UT,2450744,52,Kia,Sorento,SUV,2018
Gasoline,5,10,9,Houston,US,29.775728,-95.690063,TX,8465704,35,Hyundai,Santa Fe,SUV,2020
Hybrid,3.86,10,7,Del Valle,US,30.218076,-97.662069,TX,11279587,31,Toyota,Prius c,Car,2012
Diesel,5,10,10,Fort Meade,US,39.11192,-76.728313,MD,10078940,60,Volkswagen,Passat,Car,2014
Electric,5,10,6,Jersey City,US,40.721513,-74.039847,NJ,875927,235,Tesla,Model S,Car,2015
Gasoline,5,10,7,Bradenton,US,27.429729,-82.503575,FL,10133270,79,Mercedes-Benz,M-Class,SUV,2014
Gasoline,4.88,10,8,Hayward,US,37.679103,-122.072501,CA,11568805,119,Dodge,Challenger,Car,2019
Gasoline,5,10,5,Los Angeles,US,33.945405,-118.371539,CA,1300139,35,Hyundai,Sonata,Car,2017
Gasoline,4.88,10,8,North Miami,US,25.911996,-80.152281,FL,327969,99,Mercedes-Benz,GLE-Class,SUV,2020
Gasoline,4.86,10,7,Orlando,US,28.47739,-81.39544,FL,449556,25,Nissan,Versa,Car,2015
Gasoline,5,10,6,San Diego,US,32.726298,-117.19656,CA,5872133,129,Porsche,718 Boxster,Car,2017
Gasoline,5,10,7,Kyle,US,29.990309,-97.858799,TX,4303241,52,Nissan,Sentra,Car,2015
Gasoline,4.78,10,9,San Jose,US,37.242363,-121.800051,CA,3540258,518,Ferrari,California,Car,2012
Gasoline,5,10,9,Colorado Springs,US,38.824625,-104.854168,CO,10889285,50,Toyota,Sienna,MiniVan,2011
Gasoline,5,10,10,Austin,US,30.175005,-97.785674,TX,7376797,107,BMW,5 Series,Car,2018
Electric,5,10,11,Largo,US,27.871642,-82.774137,FL,1270921,129,Tesla,Model S,Car,2014
Electric,5,10,6,Round Rock,US,30.491107,-97.633688,TX,1698554,475,Tesla,Model X,SUV,2018
Gasoline,4.88,10,8,San Diego,US,32.788011,-117.068278,CA,980404,40,Dodge,Journey,SUV,2015
Gasoline,4.56,10,9,Secaucus,US,40.764846,-74.083234,NJ,5139532,165,Land Rover,Discovery Sport,SUV,2018
Gasoline,5,10,8,Fullerton,US,33.884605,-117.87131,CA,9968448,65,Mercedes-Benz,CLA-Class,Car,2018
Hybrid,5,10,8,Los Angeles,US,34.10561,-118.334078,CA,2283050,275,Mercedes-Benz,S-Class,Car,2017
Gasoline,4.6,9,5,San Antonio,US,29.513039,-98.537561,TX,64265,29,Nissan,Maxima,Car,2014
Gasoline,5,9,6,SaVannah,US,32.041316,-81.228979,GA,4609659,39,Jeep,Patriot,SUV,2016
Gasoline,5,9,8,Loveland,US,40.409746,-104.995561,CO,5570744,153,Toyota,Sequoia,SUV,2014
Gasoline,4.86,9,7,Anaheim,US,33.836785,-117.929899,CA,10421330,58,Ford,Mustang,Car,2018
Gasoline,5,9,8,Houston,US,29.774725,-95.690638,TX,8465704,35,Toyota,Camry,Car,2018
Gasoline,4.89,9,9,Salt Lake City,US,40.726169,-111.838182,UT,11271961,62,Nissan,Armada,SUV,2012
Gasoline,5,9,7,Buda,US,30.087434,-97.863212,TX,14324204,43,Lexus,GS 350,Car,2013
Gasoline,5,9,9,Newark,US,40.735479,-74.164266,NJ,14986753,50,Honda,Pilot,SUV,2009
Gasoline,4.88,9,8,Inglewood,US,33.961908,-118.327403,CA,10707894,132,BMW,7 Series,Car,2016
Electric,5,9,8,San Jose,US,37.403089,-121.847671,CA,3979917,125,Tesla,Model 3,Car,2019
Gasoline,4.75,9,8,South Jordan,US,40.559412,-111.902119,UT,8018380,175,GMC,Yukon XL,SUV,2019
Gasoline,5,9,7,Orlando,US,28.367736,-81.50322,FL,672204,99,Audi,S5,Car,2015
Gasoline,5,9,7,Orange,US,33.782752,-117.84574,CA,8200985,108,Toyota,Supra,Car,2020
Electric,5,9,9,Murray,US,40.668751,-111.888054,UT,11681346,94,Tesla,Model 3,Car,2019
Gasoline,4.86,9,7,Salt Lake City,US,40.806919,-111.94776,UT,5558753,20,Ford,Taurus,Car,2006
Gasoline,4.56,9,9,Aventura,US,25.974332,-80.142846,FL,5808865,85,Porsche,Cayenne,SUV,2014
Gasoline,5,9,9,Tampa,US,27.961011,-82.515935,FL,14647538,85,Ford,Mustang,Car,2018
Gasoline,5,9,8,Jersey City,US,40.738539,-74.059061,NJ,3533385,78,Toyota,RAV4,SUV,2014
Gasoline,5,9,7,Memphis,US,35.016046,-89.800909,TN,14243268,36,Jeep,Cherokee,SUV,2019
Gasoline,5,9,8,Loveland,US,40.409779,-104.996807,CO,3856661,125,Ford,Expedition,SUV,2014
Gasoline,5,9,8,Houston,US,30.018566,-95.381553,TX,5887443,45,Jeep,Cherokee,SUV,2016
Electric,5,8,7,Saint Johns,US,30.06164,-81.635458,FL,11197972,135,Tesla,Model 3,Car,2018
Gasoline,5,8,5,Orlando,US,28.466433,-81.313515,FL,15367901,30,Chevrolet,Traverse,SUV,2012
Gasoline,5,8,6,Salt Lake City,US,40.764364,-111.934435,UT,14735028,76,Jeep,Wrangler,SUV,2014
Gasoline,5,8,5,Salt Lake City,US,40.676004,-111.950785,UT,7902523,50,Dodge,Grand CaraVan,MiniVan,2018
Gasoline,5,8,8,Winter Garden,US,28.473452,-81.623991,FL,14815241,41,Chevrolet,Equinox,SUV,2020
Gasoline,5,8,8,Loomis,US,38.823062,-121.183249,CA,1371050,131,Audi,Q7,SUV,2017
Electric,5,8,8,Edison,US,40.5625,-74.383282,NJ,1491450,130,Tesla,Model 3,Car,2019
Gasoline,5,8,8,North Salt Lake,US,40.858215,-111.901356,UT,14678809,37,Subaru,Crosstrek,SUV,2016
Electric,5,8,6,Westminster,US,33.746283,-118.012524,CA,11671249,70,Tesla,Model 3,Car,2019
Gasoline,5,8,6,Salt Lake City,US,40.71265,-111.833596,UT,4425885,68,GMC,Sierra 1500,Truck,2017
Gasoline,5,8,7,Orlando,US,28.447588,-81.241773,FL,9448952,48,Dodge,Grand CaraVan,MiniVan,2018
Gasoline,5,8,7,Katy,US,29.703032,-95.762906,TX,4443967,89,Lexus,RX 350,SUV,2016
Electric,5,8,8,Louisville,US,39.989814,-105.131488,CO,12784424,135,Tesla,Model X,SUV,2020
Gasoline,5,8,8,South Jordan,US,40.55957,-111.901972,UT,8018380,124,GMC,Sierra 1500,Truck,2019
Gasoline,5,8,7,Bedford,US,32.838746,-97.117859,TX,1025778,35,Nissan,Sentra,Car,2019
Gasoline,5,8,8,El Sobrante,US,37.949462,-122.267946,CA,12941913,148,Porsche,Panamera,Car,2014
Diesel,5,8,7,San Diego,US,32.961573,-117.118707,CA,14412342,53,BMW,X5,SUV,2012
Gasoline,5,8,8,Aurora,US,39.588328,-104.714302,CO,15074789,44,Hyundai,Sonata,Car,2019
Diesel,5,8,7,Glen Burnie,US,39.168492,-76.644353,MD,8929132,42,Volkswagen,Golf,Car,2015
Electric,4.83,8,6,Doraville,US,33.903748,-84.280355,GA,53029,146,Tesla,Model 3,Car,2020
Electric,4.33,8,6,Orlando,US,28.546694,-81.170874,FL,11082850,149,Tesla,Model 3,Car,2019
Gasoline,5,7,4,Austin,US,30.249627,-97.8567,TX,4022601,45,Infiniti,Q50,Car,2019
Gasoline,5,7,7,Chino Hills,US,34.000849,-117.728004,CA,14686585,149,Mercedes-Benz,GLE-Class,SUV,2020
Electric,5,7,7,Fort Collins,US,40.569042,-105.11644,CO,3971140,246,Tesla,Model S,Car,2017
Gasoline,5,7,6,Salt Lake City,US,40.766864,-111.905972,UT,1422171,80,Ford,Transit Van,Van,2015
Gasoline,4.86,7,7,Atlanta,US,33.659791,-84.432933,GA,15406472,150,Land Rover,Range Rover Velar,SUV,2019
Gasoline,5,7,6,Lithia Springs,US,33.784387,-84.636909,GA,9218210,35,Kia,Soul,Car,2014
Gasoline,5,7,7,Naples,US,26.156022,-81.7278,FL,8206285,30,Toyota,Camry,Car,2015
Gasoline,5,7,6,Provo,US,40.24328,-111.657858,UT,15168470,42,MINI,Cooper,Car,2008
Gasoline,4.57,7,7,Jacksonville,US,30.293727,-81.606324,FL,2447673,55,Chevrolet,Express,Van,2015
Gasoline,5,7,7,Buena Park,US,33.847512,-117.987641,CA,5292463,30,Toyota,Avalon,Car,2013
Gasoline,5,7,6,San Diego,US,32.732128,-117.102528,CA,8474253,33,Toyota,Tacoma,Truck,2010
Gasoline,5,7,6,goodlettsville,US,36.291842,-86.737076,TN,6642682,54,Ram,1500,Truck,2017
Gasoline,5,7,7,Aurora,US,39.721874,-104.695083,CO,14606467,69,Ford,Explorer,SUV,2015
Electric,5,7,7,Friendswood,US,29.54332,-95.20168,TX,5039637,179,Tesla,Model 3,Car,2020
Gasoline,5,7,6,La Mesa,US,32.773128,-117.02457,CA,15368770,51,Dodge,Ram 1500,Truck,2019
Electric,5,7,6,Flower Mound,US,33.044937,-97.065506,TX,11039077,96,Tesla,Model 3,Car,2018
Gasoline,5,7,6,Round Rock,US,30.554584,-97.762388,TX,5880880,56,Land Rover,Range Rover Evoque,SUV,2015
Gasoline,5,7,6,Sugar Land,US,29.649896,-95.660581,TX,4860834,55,Nissan,Murano,SUV,2016
Gasoline,5,7,7,San Diego,US,32.726422,-117.196885,CA,5872133,89,Jeep,Gladiator,Truck,2020
Gasoline,5,7,7,Houston,US,29.740061,-95.58766,TX,8465704,29,Kia,Forte,Car,2019
Gasoline,5,7,7,Miami,US,25.808328,-80.191066,FL,15519899,42,Kia,Cadenza,Car,2015
Hybrid,5,7,5,Houston,US,29.7289,-95.48014,TX,1821886,48,Chevrolet,Tahoe Hybrid,SUV,2009
Gasoline,4.86,7,7,Missouri City,US,29.536327,-95.552758,TX,1541014,25,Toyota,Corolla,Car,2010
Gasoline,5,7,6,Bedford,US,32.838247,-97.118364,TX,1025778,35,Nissan,Sentra,Car,2019
Electric,5,7,6,Healdsuburg,US,38.609988,-122.871765,CA,658808,135,Tesla,Model 3,Car,2018
Gasoline,5,7,4,San Diego,US,32.778903,-117.152731,CA,384762,58,Acura,MDX,SUV,2018
Gasoline,5,6,3,Loveland,US,40.409444,-104.998316,CO,5570744,108,Dodge,Grand CaraVan,MiniVan,2018
Gasoline,4.83,6,6,Tampa,US,27.995701,-82.551864,FL,7526758,42,Mercedes-Benz,C-Class,Car,2013
Gasoline,5,6,5,West Orange,US,40.794511,-74.25035,NJ,10452226,69,Mercedes-Benz,C-Class,Car,2017
Gasoline,5,6,5,Tampa,US,28.069307,-82.558467,FL,439974,165,BMW,M4,Car,2016
Gasoline,5,6,4,Eastvale,US,33.973577,-117.562426,CA,2197538,200,Cadillac,Escalade ESV,SUV,2016
Gasoline,5,6,4,Salt Lake City,US,40.806653,-111.947767,UT,5558753,20,Chrysler,Sebring,Car,2006
Gasoline,5,6,3,Fort Lauderdale,US,26.082726,-80.137804,FL,2447673,55,Chevrolet,Express,Van,2015
Gasoline,5,6,6,Orlando,US,28.535606,-81.259995,FL,11380512,100,Dodge,Challenger,Car,2019
Gasoline,5,6,6,St. Petersburg,US,27.759201,-82.650949,FL,10718346,95,Audi,Q5,SUV,2016
Gasoline,5,6,4,Friendswood,US,29.465291,-95.22261,TX,2844865,35,Chevrolet,Express Cargo,Van,2009
Gasoline,5,6,6,Orlando,US,28.365359,-81.327447,FL,604362,70,Audi,Q3,SUV,2018
Gasoline,5,6,4,Tampa,US,28.047609,-82.52093,FL,10278314,100,Mercedes-Benz,M-Class,SUV,2007
Gasoline,5,6,6,Brandon,US,27.919498,-82.271232,FL,333121,52,Dodge,Charger,Car,2014
Electric,4.83,6,6,Bonita Springs,US,26.39651,-81.813289,FL,11649890,166,Tesla,Model 3,Car,2018
Gasoline,5,6,4,Baton Rouge,US,30.348229,-90.937128,LA,11183193,300,Land Rover,Range Rover,SUV,2019
Gasoline,4.67,6,6,Pine Castle,US,28.462267,-81.365846,FL,15436077,42,Kia,Sedona,MiniVan,2016
Hybrid,5,6,5,Riverside,US,33.863779,-117.440926,CA,4216964,67,BMW,i3,Car,2016
Gasoline,5,6,4,Titusville,US,28.575548,-80.816278,FL,6993507,29,Nissan,Altima,Car,2013
Gasoline,5,6,6,Bradenton,US,27.425743,-82.454722,FL,10177649,230,BMW,M4,Car,2016
Gasoline,5,5,4,Manor,US,30.342937,-97.526437,TX,13858730,60,Chevrolet,Camaro,Car,2018
Gasoline,5,5,5,Chula Vista,US,32.657902,-116.969906,CA,11205350,34,Kia,Optima,Car,2014
Gasoline,5,5,4,South Jordan,US,40.551222,-111.898691,UT,8810918,31,Nissan,Sentra,Car,2019
Gasoline,5,5,4,Houston,US,29.746491,-95.308254,TX,14615402,58,BMW,3 Series,Car,2011
Electric,5,5,4,Oakland,US,37.740291,-122.198561,CA,14431966,49,BMW,i3,Car,2017
Hybrid,5,5,4,Corona,US,33.967665,-117.590915,CA,14470825,35,Toyota,Prius,Car,2014
Gasoline,5,5,5,Jersey City,US,40.738469,-74.058781,NJ,3533385,160,BMW,5-Series,Car,2019
Gasoline,5,5,4,Dunwoody,US,33.928988,-84.342407,GA,511103,89,Jeep,Grand Cherokee,SUV,2017
Gasoline,5,5,4,Park City,US,40.685449,-111.549624,UT,14903235,103,Lexus,GX 460,SUV,2017
Gasoline,5,5,4,Atlanta,US,33.64054,-84.426852,GA,7678058,250,Maserati,Ghibli,Car,2015
Gasoline,5,5,3,West Covina,US,34.068899,-117.924696,CA,11572934,88,Infiniti,QX80,SUV,2016
Gasoline,5,5,5,Atlanta,US,33.683468,-84.538252,GA,3665954,150,Chevrolet,Silverado 1500,Truck,2017
Gasoline,4.25,5,4,Jacksonville,US,30.281897,-81.755167,FL,3926181,275,Chevrolet,Corvette,Car,2016
Gasoline,5,5,5,Round Rock,US,30.508102,-97.597166,TX,3796227,120,Mercedes-Benz,S-Class,Car,2013
Gasoline,4.5,5,4,San Antonio,US,29.514064,-98.537208,TX,64265,35,BMW,5 Series,Car,2011
Hybrid,4.5,5,2,Denver,US,39.776183,-104.739271,CO,6851915,50,Toyota,Prius,Car,2012
Gasoline,5,5,5,Winter Garden,US,28.431619,-81.619434,FL,9612756,30,Chrysler,200,Car,2016
Gasoline,5,5,5,Snellville,US,33.807278,-84.045917,GA,11258220,160,Porsche,Boxster,Car,2014
Gasoline,5,5,3,New Orleans,US,30.055039,-89.959589,LA,10059762,29,Nissan,Versa,Car,2014
Gasoline,5,5,3,Wesley Chapel,US,28.189456,-82.294318,FL,3123958,86,Land Rover,Discovery Sport,SUV,2016
Gasoline,5,5,4,nashville,US,36.124308,-86.757218,TN,2890671,80,BMW,3 Series,Car,2016
Gasoline,5,5,5,South Jordan,US,40.551861,-111.983338,UT,1985680,140,Audi,RS 5,Car,2013
Gasoline,5,5,5,Inglewood,US,33.953316,-118.375134,CA,3783983,26,Dodge,Dart,Car,2015
Gasoline,5,5,4,Nashville,US,36.14532,-86.816072,TN,13262048,40,Honda,Civic,Car,2016
Gasoline,5,4,3,Tampa,US,27.967806,-82.433533,FL,14472884,72,Mercedes-Benz,C-Class,Car,2015
Gasoline,5,4,4,Spring Valley,US,32.734804,-116.961965,CA,8709601,35,Honda,Civic,Car,2016
Gasoline,5,4,3,Colorado Springs,US,38.919148,-104.715227,CO,14892905,31,Ford,Fiesta,Car,2019
Gasoline,4.75,4,4,Loveland,US,40.410022,-104.997316,CO,5570744,125,Chevrolet,Express,Van,2011
Gasoline,5,4,2,Riverside,US,33.991988,-117.34714,CA,15397792,55,Jeep,Wrangler,SUV,2015
Gasoline,5,4,3,San Antonio,US,29.513595,-98.537175,TX,64265,35,Volkswagen,Passat,Car,2018
Electric,5,4,3,Winter Garden,US,28.533928,-81.601157,FL,4926963,145,Tesla,Model X,SUV,2016
Gasoline,5,4,4,Sunny Isles Beach,US,25.952409,-80.120203,FL,864946,135,Lexus,IS 200t,Car,2016
Gasoline,5,4,3,Irvine,US,33.69018,-117.833144,CA,7504313,52,Chevrolet,Camaro,Car,2017
Gasoline,5,4,3,Plano,US,33.080743,-96.739564,TX,2135384,79,Porsche,Boxster,Car,1980
Gasoline,5,4,3,Reisterstown,US,39.436214,-76.830533,MD,1822146,600,Mercedes-Benz,AMG GT,Car,2019
Gasoline,5,4,3,Austin,US,30.422903,-97.784639,TX,656440,49,Toyota,Sienna,MiniVan,2012
Gasoline,5,4,4,San Diego,US,32.917867,-117.128606,CA,10607762,109,Maserati,Ghibli,Car,2014
Gasoline,5,4,3,Cedar Park,US,30.471503,-97.825836,TX,1351290,65,Honda,Pilot,SUV,2019
Gasoline,5,4,3,Stone Mountain,US,33.792982,-84.194177,GA,5253132,82,Jeep,Wrangler,SUV,2017
Gasoline,5,4,3,Orlando,US,28.431039,-81.308486,FL,7342780,113,Lexus,RX,SUV,2019
Electric,4,4,3,Newark,US,37.526769,-122.005328,CA,8599533,199,Tesla,Model X,SUV,2018
Gasoline,5,4,4,Colorado Springs,US,38.824652,-104.854299,CO,10889285,54,Ford,F-150,Truck,2010
Gasoline,5,4,4,San Jose,US,37.309761,-121.91739,CA,10146724,240,Porsche,718 Cayman,Car,2018
Electric,5,4,4,Mount Laurel Township,US,39.998442,-74.880304,NJ,4261256,334,Tesla,Model X,SUV,2016
Gasoline,5,4,4,Salt Lake City,US,40.714389,-111.832749,UT,10648568,74,Toyota,Highlander,SUV,2017
Electric,5,4,4,Fort Washington,US,38.759355,-76.968457,MD,5495663,200,Tesla,Model S,Car,2018
Gasoline,5,4,4,Rancho Murieta,US,38.507134,-121.084944,CA,11806337,200,Jaguar,F-TYPE,Car,2015
Gasoline,5,4,3,Pennsauken Township,US,39.95093,-75.070979,NJ,10172877,45,Chevrolet,Cruze,Car,2015
Gasoline,4.75,4,4,Pine Castle,US,28.459862,-81.36672,FL,15554830,21,Kia,Forte,Car,2011
Electric,5,4,4,Summit,US,40.715754,-74.343529,NJ,9705007,133,Tesla,Model Y,SUV,2020
Gasoline,5,4,4,Orlando,US,28.389313,-81.246993,FL,15428772,80,Jeep,Wrangler Unlimited,SUV,2020
Gasoline,5,4,4,Knoxville,US,35.90608,-83.927179,TN,11631732,78,Jeep,Wrangler,SUV,2015
Gasoline,5,4,3,Bedford,US,32.839966,-97.11734,TX,1025778,35,Nissan,Sentra,Car,2019
Gasoline,5,4,4,Irwindale,US,34.080609,-117.994309,CA,3240182,123,Chevrolet,Corvette,Car,2019
Gasoline,5,4,4,Dallas,US,32.811191,-96.783599,TX,8845805,55,Lexus,NX,SUV,2020
Gasoline,5,4,4,Bonita Springs,US,26.386362,-81.809732,FL,7625502,124,Porsche,Macan,SUV,2015
Gasoline,5,3,3,Bartlett,US,35.233812,-89.858361,TN,15677617,78,Toyota,Highlander,SUV,2017
Gasoline,5,3,3,Pflugerville,US,30.472611,-97.558001,TX,4879293,89,Audi,A5,Car,2018
Gasoline,5,3,2,Missouri City,US,29.552217,-95.551386,TX,3100936,199,Ford,Transit Wagon,Van,2016
Gasoline,1.5,3,2,Houston,US,29.621181,-95.224279,TX,8323259,35,Chevrolet,Malibu,Car,2014
Gasoline,5,3,2,Tampa,US,27.961285,-82.514474,FL,15436077,40,Mitsubishi,Outlander,SUV,2014
Electric,5,3,3,San Diego,US,32.800778,-117.119586,CA,11014406,139,Tesla,Model X,SUV,2016
Gasoline,5,3,3,West palm Beach ,US,26.654311,-80.131875,FL,1158477,65,GMC,Canyon,Truck,2016
Gasoline,5,3,1,Ruskin,US,27.713514,-82.44766,FL,2224456,31,Toyota,Yaris,Car,2009
Gasoline,5,3,3,Irvine,US,33.694753,-117.717597,CA,4423729,65,Mazda,CX-9,SUV,2018
Gasoline,5,3,3,Riverside,US,33.99183,-117.348802,CA,15397792,70,BMW,4 Series Gran Coupe,Car,2015
Gasoline,5,3,2,Atlanta,US,33.682324,-84.409111,GA,3792936,127,Chevrolet,Suburban,SUV,2012
Gasoline,5,3,2,Miami,US,25.799249,-80.261211,FL,1506983,40,Nissan,Sentra,Car,2017
Gasoline,5,3,1,Rowlett,US,32.906833,-96.524621,TX,3224803,38,Volkswagen,Passat,Car,2017
Gasoline,5,3,3,Rowlett,US,32.906704,-96.56635,TX,14442226,54,Jeep,Grand Cherokee,SUV,2014
Gasoline,5,3,3,Jersey City,US,40.715631,-74.048753,NJ,5019852,49,Chevrolet,Malibu,Car,2018
Gasoline,5,3,3,Miami,US,25.799402,-80.261152,FL,1506983,44,Dodge,Grand CaraVan,MiniVan,2019
Gasoline,5,3,2,Sanford,US,28.804258,-81.265858,FL,15507293,25,Hyundai,Elantra,Car,2013
Gasoline,5,3,2,Cape Coral,US,26.61154,-81.993467,FL,7208336,149,Jeep,Wrangler Unlimited,SUV,2019
Gasoline,5,3,3,Lehigh Acres,US,26.665242,-81.665181,FL,11332181,47,Toyota,RAV4,SUV,2018
Gasoline,5,3,3,Colorado Springs,US,38.848925,-104.759138,CO,14469072,39,Acura,TL,Car,2011
Gasoline,5,3,3,Carteret,US,40.571122,-74.22532,NJ,15381172,110,Mercedes-Benz,GLC-Class,SUV,2020
Gasoline,5,3,2,Miami,US,25.799412,-80.261159,FL,1506983,32,Nissan,Sentra,Car,2019
Gasoline,5,3,1,Holladay,US,40.663524,-111.826503,UT,2433991,110,Audi,Q7,SUV,2015
Gasoline,5,3,3,Germantown,US,35.067752,-89.760158,TN,14579583,92,GMC,SaVana,Van,2014
Gasoline,4.5,3,2,Eaton,US,40.530408,-104.713582,CO,9326785,75,Kia,Sedona,MiniVan,2019
Gasoline,5,3,2,Marco Island,US,25.927661,-81.705931,FL,7867386,57,Dodge,Grand CaraVan,MiniVan,2018
Gasoline,5,3,1,Broomfield,US,39.943229,-105.008165,CO,15106788,110,BMW,X6,SUV,2019
Gasoline,5,3,1,Los Angeles,US,33.945028,-118.370986,CA,1300139,39,Nissan,Pathfinder,SUV,2014
Gasoline,4,3,2,Fort Lauderdale,US,26.087348,-80.136556,FL,10448485,33,Nissan,Versa,Car,2018
Gasoline,5,3,3,Sarasota,US,27.314497,-82.524208,FL,11692797,70,Land Rover,LR2,SUV,2015
Gasoline,5,3,3,Sacramento,US,38.673197,-121.501215,CA,5820172,69,Mazda,MX-5 Miata,Car,2016
Gasoline,5,3,3,Glendora,US,34.127516,-117.829604,CA,2783239,47,Pontiac,Solstice,Car,2007
Gasoline,5,3,3,Frisco,US,33.14445,-96.888395,TX,10999370,100,BMW,7 Series,Car,2014
Gasoline,5,3,2,Randallstown,US,39.377968,-76.790613,MD,1446154,150,Toyota,Highlander,SUV,2015
Diesel,3.5,3,2,Lakewood,US,39.681583,-105.100971,CO,8819114,57,Volkswagen,Touareg,SUV,2012
Gasoline,5,3,3,Wesley Chapel,US,28.183832,-82.365149,FL,5499444,155,Land Rover,Range Rover Velar,SUV,2018
Electric,5,3,3,San Antonio,US,29.57425,-98.507536,TX,10510979,133,Tesla,Model Y,SUV,2020
Gasoline,5,3,2,Beverly Hills,US,34.066585,-118.400692,CA,1310614,199,Mercedes-Benz,S-Class,Car,2016
Gasoline,5,3,3,Memphis,US,35.01793,-89.800828,TN,14243268,36,Jeep,Renegade,SUV,2019
Electric,5,3,3,Orlando,US,28.459956,-81.48545,FL,2117846,150,Tesla,Model S,Car,2018
Gasoline,5,3,3,Nashville,US,36.15822,-86.863729,TN,15671801,39,Nissan,Altima,Car,2016
Gasoline,5,3,3,Lithonia,US,33.722747,-84.168365,GA,7363993,45,Chevrolet,Cruze,Car,2017
Gasoline,4.67,3,3,Sandy Springs,US,33.917415,-84.359627,GA,15346119,148,Chevrolet,Camaro,Car,2015
Gasoline,5,3,3,Aventura,US,25.95749,-80.145144,FL,8035496,115,Volvo,XC90,SUV,2020
Gasoline,5,3,1,Missouri City,US,29.606214,-95.50274,TX,10263974,199,Mercedes-Benz,G-Class,SUV,2013
Electric,5,3,2,Houston,US,29.865169,-95.673319,TX,4826169,179,Tesla,Model 3,Car,2019
Gasoline,5,3,1,Kennesaw,US,33.990955,-84.628724,GA,1140700,60,BMW,X4,SUV,2017
Gasoline,5,2,2,Bloomfield,US,40.799416,-74.192181,NJ,2781988,149,Acura,MDX,SUV,2020
Gasoline,4,2,2,Forney,US,32.757929,-96.456648,TX,14776924,59,Chrysler,Pacifica,MiniVan,2019
Gasoline,5,2,1,Orlando,US,28.607577,-81.412196,FL,3927814,22,Hyundai,Elantra,Car,2013
Gasoline,5,2,2,San Antonio,US,29.514076,-98.537288,TX,64265,30,Nissan,Murano,SUV,2012
Gasoline,5,2,1,Ruskin,US,27.714641,-82.447464,FL,2224456,34,Honda,Fit,Car,2011
Gasoline,5,2,2,St. Petersburg,US,27.769838,-82.6436,FL,2480778,80,Mercedes-Benz,CLA-Class,Car,2015
Gasoline,5,2,2,Tampa,US,27.961372,-82.513891,FL,15721481,36,Toyota,Camry,Car,2017
Gasoline,5,2,1,Pasadena,US,34.174178,-118.098549,CA,2344685,92,BMW,5 Series,Car,2018
Gasoline,5,2,2,Atlanta,US,33.889415,-84.453633,GA,12796797,120,Chevrolet,Camaro,Car,2019
Gasoline,5,2,2,Grayson,US,33.905743,-83.959959,GA,1295660,98,Mercedes-Benz,E-Class,Car,2017
Gasoline,5,2,2,Pine Castle,US,28.460459,-81.365593,FL,15436077,37,Kia,Sorento,SUV,2015
Gasoline,5,2,1,Destin,US,30.387848,-86.367595,FL,10044353,122,Ford,Transit Wagon,Van,2015
Gasoline,5,2,2,Austin,US,30.190479,-97.792669,TX,2474094,150,BMW,5 Series,Car,2012
Gasoline,5,2,2,Altamonte Springs,US,28.650132,-81.361569,FL,449556,32,Nissan,Altima,Car,2015
Gasoline,5,2,1,Jacksonville,US,30.196113,-81.545734,FL,11630543,110,Chevrolet,Camaro,Car,2019
Gasoline,5,2,2,San Jose,US,37.270226,-121.810474,CA,516526,149,BMW,M6,Car,2007
Gasoline,5,2,1,South Jordan,US,40.571284,-111.910224,UT,9957045,49,Subaru,Legacy,Car,2017
Gasoline,5,2,2,Austin,US,30.239613,-97.720512,TX,2130021,70,Mercedes-Benz,C-Class,Car,2016
Gasoline,1,2,1,Houston,US,29.746675,-95.307274,TX,14615402,55,Mercedes-Benz,E-Class,Car,2011
Gasoline,5,2,1,Walnut Creek,US,37.907449,-122.054672,CA,15012731,115,BMW,2 Series,Car,2017
Gasoline,5,2,1,Winter Garden,US,28.474533,-81.621536,FL,3875892,100,BMW,Z4,Car,2019
Gasoline,5,2,2,Destin,US,30.388379,-86.368154,FL,10044353,67,Toyota,C-HR,SUV,2018
Gasoline,5,2,2,Austin,US,30.380052,-97.879069,TX,14821685,65,Audi,TTS,Car,2010
Gasoline,5,2,2,South Jordan,US,40.558249,-111.90156,UT,15573396,65,Ford,F-150,Truck,2018
Gasoline,5,2,2,Riverside,US,33.992944,-117.347993,CA,15397792,119,Dodge,Challenger,Car,2020
Gasoline,5,2,1,East Orange,US,40.750406,-74.220811,NJ,5702987,124,Acura,MDX,SUV,2016
Gasoline,5,2,1,Miami,US,25.798931,-80.261613,FL,1506983,32,Nissan,Versa,Car,2017
Gasoline,5,2,2,San Diego,US,32.708175,-117.165098,CA,14343720,50,Chevrolet,Camaro,Car,2017
Diesel,5,2,1,Saratoga Springs,US,40.405469,-111.935898,UT,15148559,85,Ford,F-150,Truck,2018
Electric,5,2,1,Pleasanton,US,37.689866,-121.883479,CA,481319,96,Tesla,Model 3,Car,2020
Gasoline,4,2,2,Colorado Springs,US,38.75874,-104.819563,CO,7491315,90,Toyota,4Runner,SUV,2015
Hybrid,5,2,1,Citrus Heights,US,38.683403,-121.281819,CA,2697430,83,Lexus,ES 300h,Car,2016
Gasoline,3,2,2,San Antonio,US,29.486385,-98.715862,TX,8510171,65,Chevrolet,Impala,Car,2017
Gasoline,5,2,2,Temecula,US,33.480819,-117.091054,CA,8914534,249,Mercedes-Benz,S-Class,Car,2015
Gasoline,5,2,2,Austin,US,30.465201,-97.793332,TX,13619893,90,Audi,A6,Car,2018
Gasoline,5,2,1,Fort Myers,US,26.611536,-81.829153,FL,11424978,131,Jaguar,F-PACE,SUV,2019
Gasoline,5,2,2,Atlanta,US,33.891295,-84.453929,GA,12796797,200,BMW,7 Series,Car,2018
Gasoline,5,2,2,Miami,US,25.76219,-80.191222,FL,864946,95,Chrysler,Pacifica,MiniVan,2018
Gasoline,5,2,1,West Palm Beach,US,26.701016,-80.102734,FL,15666714,30,Nissan,Rogue,SUV,2013
Gasoline,5,2,2,Upland,US,34.101782,-117.67125,CA,12628538,28,Hyundai,Tucson,SUV,2009
Gasoline,5,2,2,Irvine,US,33.731189,-117.767613,CA,2409889,109,Porsche,Cayenne,SUV,2017
Gasoline,5,2,2,Sacramento,US,38.546527,-121.356472,CA,6435068,42,Kia,Soul,SUV,2020
Gasoline,5,2,2,Los Angeles,US,33.947369,-118.384238,CA,1691077,111,Chevrolet,Corvette,Car,2016
Gasoline,5,2,1,Fort Lauderdale,US,26.086708,-80.137467,FL,10448485,33,Nissan,Versa,Car,2018
Gasoline,5,1,1,Fort Myers,US,26.529347,-81.754598,FL,626845,128,Polaris,Slingshot,Car,2015
Electric,5,1,1,San Jose,US,37.311668,-121.90472,CA,169205,40,FIAT,500e,Car,2017
Gasoline,5,1,1,San Jose,US,37.308996,-121.916397,CA,10146724,80,Land Rover,Discovery Sport,SUV,2016
Gasoline,5,1,1,Carlstadt,US,40.836516,-74.090942,NJ,1349160,275,Porsche,911,Car,2013
Gasoline,5,1,1,South Jordan,US,40.550733,-111.898746,UT,8810918,55,Nissan,Rogue,SUV,2019
Gasoline,5,1,1,Jersey City,US,40.726161,-74.034206,NJ,844760,349,Mercedes-Benz,G-Class,SUV,2015
Gasoline,5,1,1,Coconut Creek,US,26.285736,-80.197057,FL,15638205,46,Dodge,Grand CaraVan,MiniVan,2014
Gasoline,5,1,1,San Antonio,US,29.563421,-98.483081,TX,812251,271,Land Rover,Range Rover Sport,SUV,2016
Gasoline,5,1,1,San Dimas,US,34.121913,-117.795584,CA,585870,37,Chevrolet,Trax,SUV,2020
Hybrid,5,1,1,South San Francisco,US,37.644696,-122.406011,CA,14677849,36,Chevrolet,Volt,Car,2013
Gasoline,5,1,1,Miami,US,25.806217,-80.187252,FL,9236212,149,Maserati,LeVante,SUV,2017
Gasoline,5,1,1,North Bergen,US,40.805178,-74.015153,NJ,15591175,65,Honda,Pilot,SUV,2017
Gasoline,5,1,1,Aurora,US,39.686505,-104.812046,CO,11053010,50,Toyota,Yaris,Car,2008
Gasoline,5,1,1,Destin,US,30.387423,-86.370003,FL,10044353,139,Mercedes-Benz,Metris,MiniVan,2016
Electric,5,1,1,Round Rock,US,30.509571,-97.651045,TX,11986021,70,Tesla,Model 3,Car,2020
Gasoline,5,1,1,Calistoga,US,38.592527,-122.599399,CA,10880232,95,Toyota,Tundra,Truck,2017
Gasoline,4,1,1,South Jordan,US,40.550288,-111.898504,UT,8810918,45,Nissan,Rogue,SUV,2020
Gasoline,5,1,1,Orem,US,40.276376,-111.691502,UT,2450744,34,Dodge,Dart,Car,2015
Gasoline,5,1,1,San Francisco,US,37.748901,-122.389857,CA,11584909,400,Mercedes-Benz,S-Class,Car,2016
Gasoline,5,1,1,Nashville,US,36.109093,-86.708792,TN,15483437,750,Porsche,Cayman,Car,2016
Electric,5,1,1,Cutler Bay,US,25.589486,-80.314566,FL,15454307,176,Tesla,Model X,SUV,2016
Electric,5,1,1,Mount Laurel Township,US,39.998347,-74.878897,NJ,4261256,209,Tesla,Model S,Car,2016
Gasoline,5,1,1,Miami Beach,US,25.81591,-80.123067,FL,3237409,150,Audi,A6,Car,2019
Gasoline,5,1,1,Boynton Beach,US,26.527487,-80.059847,FL,9722821,74,BMW,X3,SUV,2017
Gasoline,5,1,1,Austin,US,30.306554,-97.742256,TX,11222799,95,Mercedes-Benz,GLC-Class,SUV,2019
Electric,5,1,1,San Diego,US,32.78276,-117.170077,CA,9301432,109,Tesla,Model S,Car,2015
Gasoline,5,1,1,Miami,US,25.75967,-80.19413,FL,864946,207,BMW,X5,SUV,2017
Gasoline,5,1,1,Los Angeles,US,33.94551,-118.372297,CA,1300139,34,Hyundai,Sonata,Car,2012
Gasoline,5,1,1,Los Angeles,US,33.970319,-118.380418,CA,4087896,69,Alfa Romeo,Stelvio,SUV,2019
Gasoline,5,1,1,Destin,US,30.389634,-86.368973,FL,10044353,149,Mercedes-Benz,Metris,MiniVan,2016
Hybrid,5,1,1,Austin,US,30.348408,-97.734595,TX,2064076,30,Toyota,Prius,Car,2015
Gasoline,5,1,1,Austin,US,30.170285,-97.854177,TX,1849874,59,Volkswagen,Atlas Cross Sport,SUV,2020
Gasoline,5,1,1,Fremont,US,37.516892,-121.969135,CA,1472763,68,Audi,S4,Car,2012
Gasoline,5,1,1,Orem,US,40.276961,-111.690808,UT,2450744,109,Chevrolet,Suburban,SUV,2017
Gasoline,5,1,1,Cypress,US,29.916896,-95.689361,TX,14614990,68,Audi,A3,Car,2016
Gasoline,3,1,1,Oakland,US,37.746369,-122.17474,CA,14769007,70,Nissan,Pathfinder,SUV,2014
